ticker,date,error
VICI,2026-05-12,Too Many Requests. Rate limited. Try after a while.
VMC,2026-05-12,Too Many Requests. Rate limited. Try after a while.
WMT,2026-05-12,Too Many Requests. Rate limited. Try after a while.
WM,2026-05-12,Too Many Requests. Rate limited. Try after a while.
GWW,2026-05-12,Too Many Requests. Rate limited. Try after a while.
WBD,2026-05-12,Too Many Requests. Rate limited. Try after a while.
DIS,2026-05-12,Too Many Requests. Rate limited. Try after a while.
WAT,2026-05-12,Too Many Requests. Rate limited. Try after a while.
WRB,2026-05-12,Too Many Requests. Rate limited. Try after a while.
WAB,2026-05-12,Too Many Requests. Rate limited. Try after a while.
WEC,2026-05-12,Too Many Requests. Rate limited. Try after a while.
WFC,2026-05-12,Too Many Requests. Rate limited. Try after a while.
WY,2026-05-12,Too Many Requests. Rate limited. Try after a while.
WELL,2026-05-12,Too Many Requests. Rate limited. Try after a while.
WST,2026-05-12,Too Many Requests. Rate limited. Try after a while.
WDC,2026-05-12,Too Many Requests. Rate limited. Try after a while.
WMB,2026-05-12,Too Many Requests. Rate limited. Try after a while.
WTW,2026-05-12,Too Many Requests. Rate limited. Try after a while.
WSM,2026-05-12,Too Many Requests. Rate limited. Try after a while.
WDAY,2026-05-12,Too Many Requests. Rate limited. Try after a while.
WYNN,2026-05-12,Too Many Requests. Rate limited. Try after a while.
XEL,2026-05-12,Too Many Requests. Rate limited. Try after a while.
XYL,2026-05-12,Too Many Requests. Rate limited. Try after a while.
YUM,2026-05-12,Too Many Requests. Rate limited. Try after a while.
ZBRA,2026-05-12,Too Many Requests. Rate limited. Try after a while.
ZTS,2026-05-12,Too Many Requests. Rate limited. Try after a while.
ZBH,2026-05-12,Too Many Requests. Rate limited. Try after a while.
GGAL,2026-05-12,Too Many Requests. Rate limited. Try after a while.
YPF,2026-05-12,Too Many Requests. Rate limited. Try after a while.
BMA,2026-05-12,Too Many Requests. Rate limited. Try after a while.
BBAR,2026-05-12,Too Many Requests. Rate limited. Try after a while.
CEPU,2026-05-12,Too Many Requests. Rate limited. Try after a while.
LOMA,2026-05-12,Too Many Requests. Rate limited. Try after a while.
SUPV,2026-05-12,Too Many Requests. Rate limited. Try after a while.
TSLL,2026-05-12,Too Many Requests. Rate limited. Try after a while.
SOXL,2026-05-12,Too Many Requests. Rate limited. Try after a while.
SQQQ,2026-05-12,Too Many Requests. Rate limited. Try after a while.
TQQQ,2026-05-12,Too Many Requests. Rate limited. Try after a while.
SOXS,2026-05-12,Too Many Requests. Rate limited. Try after a while.
TSLZ,2026-05-12,Too Many Requests. Rate limited. Try after a while.
SPY,2026-05-12,Too Many Requests. Rate limited. Try after a while.
SPXS,2026-05-12,Too Many Requests. Rate limited. Try after a while.
MSTU,2026-05-12,Too Many Requests. Rate limited. Try after a while.
QQQ,2026-05-12,Too Many Requests. Rate limited. Try after a while.
HYG,2026-05-12,Too Many Requests. Rate limited. Try after a while.
MSTZ,2026-05-12,Too Many Requests. Rate limited. Try after a while.
TLT,2026-05-12,Too Many Requests. Rate limited. Try after a while.
FXI,2026-05-12,Too Many Requests. Rate limited. Try after a while.
XLF,2026-05-12,Too Many Requests. Rate limited. Try after a while.
AMDL,2026-05-12,Too Many Requests. Rate limited. Try after a while.
IBIT,2026-05-12,Too Many Requests. Rate limited. Try after a while.
LQD,2026-05-12,Too Many Requests. Rate limited. Try after a while.
EWZ,2026-05-12,Too Many Requests. Rate limited. Try after a while.
NVDQ,2026-05-12,Too Many Requests. Rate limited. Try after a while.
NVDX,2026-05-12,Too Many Requests. Rate limited. Try after a while.
SMST,2026-05-12,Too Many Requests. Rate limited. Try after a while.
NVDL,2026-05-12,Too Many Requests. Rate limited. Try after a while.
KWEB,2026-05-12,Too Many Requests. Rate limited. Try after a while.
TSLQ,2026-05-12,Too Many Requests. Rate limited. Try after a while.
SAP,2026-05-12,Too Many Requests. Rate limited. Try after a while.
ALV,2026-05-12,Too Many Requests. Rate limited. Try after a while.
DTE,2026-05-12,Too Many Requests. Rate limited. Try after a while.
ENR,2026-05-12,Too Many Requests. Rate limited. Try after a while.
DB,2026-05-12,Too Many Requests. Rate limited. Try after a while.
MBG,2026-05-12,Too Many Requests. Rate limited. Try after a while.
HEI,2026-05-12,Too Many Requests. Rate limited. Try after a while.
CBK,2026-05-12,Too Many Requests. Rate limited. Try after a while.
RW,2026-05-12,Too Many Requests. Rate limited. Try after a while.
DTG,2026-05-12,Too Many Requests. Rate limited. Try after a while.
TLX,2026-05-12,Too Many Requests. Rate limited. Try after a while.
CON,2026-05-12,Too Many Requests. Rate limited. Try after a while.
NEM,2026-05-12,Too Many Requests. Rate limited. Try after a while.
FRA,2026-05-12,Too Many Requests. Rate limited. Try after a while.
BN,2026-05-12,Too Many Requests. Rate limited. Try after a while.
AM,2026-05-12,Too Many Requests. Rate limited. Try after a while.
GBF,2026-05-12,Too Many Requests. Rate limited. Try after a while.
GIL,2026-05-12,Too Many Requests. Rate limited. Try after a while.
SPG,2026-05-12,Too Many Requests. Rate limited. Try after a while.
CNDL,2026-05-12,Too Many Requests. Rate limited. Try after a while.
BOSSY,2026-05-12,Too Many Requests. Rate limited. Try after a while.
ASML,2026-05-12,Too Many Requests. Rate limited. Try after a while.
UMI,2026-05-12,Too Many Requests. Rate limited. Try after a while.
MT,2026-05-12,Too Many Requests. Rate limited. Try after a while.
NNN,2026-05-12,Too Many Requests. Rate limited. Try after a while.
SAN,2026-05-12,Too Many Requests. Rate limited. Try after a while.
BKT,2026-05-12,Too Many Requests. Rate limited. Try after a while.
AMS,2026-05-12,Too Many Requests. Rate limited. Try after a while.
IDR,2026-05-12,Too Many Requests. Rate limited. Try after a while.
FER,2026-05-12,Too Many Requests. Rate limited. Try after a while.
BBVA,2026-05-12,Too Many Requests. Rate limited. Try after a while.
GRF,2026-05-12,Too Many Requests. Rate limited. Try after a while.
ZS,2026-05-12,Too Many Requests. Rate limited. Try after a while.
NET,2026-05-12,Too Many Requests. Rate limited. Try after a while.
OKTA,2026-05-12,Too Many Requests. Rate limited. Try after a while.
SHOP,2026-05-12,Too Many Requests. Rate limited. Try after a while.
MELI,2026-05-12,Too Many Requests. Rate limited. Try after a while.
MPLX,2026-05-12,Too Many Requests. Rate limited. Try after a while.
RDDT,2026-05-12,Too Many Requests. Rate limited. Try after a while.
EPD,2026-05-12,Too Many Requests. Rate limited. Try after a while.
SPOT,2026-05-12,Too Many Requests. Rate limited. Try after a while.
KNTK,2026-05-12,Too Many Requests. Rate limited. Try after a while.
NOV,2026-05-12,Too Many Requests. Rate limited. Try after a while.
WTRG,2026-05-12,Too Many Requests. Rate limited. Try after a while.
OGS,2026-05-12,Too Many Requests. Rate limited. Try after a while.
AWR,2026-05-12,Too Many Requests. Rate limited. Try after a while.
NTR,2026-05-12,Too Many Requests. Rate limited. Try after a while.
RPM,2026-05-12,Too Many Requests. Rate limited. Try after a while.
FMC,2026-05-12,Too Many Requests. Rate limited. Try after a while.
LSTR,2026-05-12,Too Many Requests. Rate limited. Try after a while.
GXO,2026-05-12,Too Many Requests. Rate limited. Try after a while.
XPO,2026-05-12,Too Many Requests. Rate limited. Try after a while.
SAIA,2026-05-12,Too Many Requests. Rate limited. Try after a while.
WPP,2026-05-12,Too Many Requests. Rate limited. Try after a while.
PUBGY,2026-05-12,Too Many Requests. Rate limited. Try after a while.
BURL,2026-05-12,Too Many Requests. Rate limited. Try after a while.
AAP,2026-05-12,Too Many Requests. Rate limited. Try after a while.
QSR,2026-05-12,Too Many Requests. Rate limited. Try after a while.
OWL,2026-05-12,Too Many Requests. Rate limited. Try after a while.
ARES,2026-05-12,Too Many Requests. Rate limited. Try after a while.
RACE,2026-05-12,Too Many Requests. Rate limited. Try after a while.
COIN,2026-05-12,Too Many Requests. Rate limited. Try after a while.
TRU,2026-05-12,Too Many Requests. Rate limited. Try after a while.
ILMN,2026-05-12,Too Many Requests. Rate limited. Try after a while.
ALNY,2026-05-12,Too Many Requests. Rate limited. Try after a while.
VEEV,2026-05-12,Too Many Requests. Rate limited. Try after a while.
CIEN,2026-05-12,Too Many Requests. Rate limited. Try after a while.
PSTG,2026-05-12,Too Many Requests. Rate limited. Try after a while.
RBLX,2026-05-12,Too Many Requests. Rate limited. Try after a while.
UDR,2026-05-12,Too Many Requests. Rate limited. Try after a while.
WEC,2026-05-13,Too Many Requests. Rate limited. Try after a while.
WFC,2026-05-13,Too Many Requests. Rate limited. Try after a while.
WELL,2026-05-13,Too Many Requests. Rate limited. Try after a while.
WBD,2026-05-13,Too Many Requests. Rate limited. Try after a while.
DIS,2026-05-13,Too Many Requests. Rate limited. Try after a while.
WST,2026-05-13,Too Many Requests. Rate limited. Try after a while.
WM,2026-05-13,Too Many Requests. Rate limited. Try after a while.
WDC,2026-05-13,Too Many Requests. Rate limited. Try after a while.
WMT,2026-05-13,Too Many Requests. Rate limited. Try after a while.
WAT,2026-05-13,Too Many Requests. Rate limited. Try after a while.
WY,2026-05-13,Too Many Requests. Rate limited. Try after a while.
WSM,2026-05-13,Too Many Requests. Rate limited. Try after a while.
WMB,2026-05-13,Too Many Requests. Rate limited. Try after a while.
WDAY,2026-05-13,Too Many Requests. Rate limited. Try after a while.
WTW,2026-05-13,Too Many Requests. Rate limited. Try after a while.
XYL,2026-05-13,Too Many Requests. Rate limited. Try after a while.
YUM,2026-05-13,Too Many Requests. Rate limited. Try after a while.
WYNN,2026-05-13,Too Many Requests. Rate limited. Try after a while.
XEL,2026-05-13,Too Many Requests. Rate limited. Try after a while.
ZBRA,2026-05-13,Too Many Requests. Rate limited. Try after a while.
ZBH,2026-05-13,Too Many Requests. Rate limited. Try after a while.
ZTS,2026-05-13,Too Many Requests. Rate limited. Try after a while.
YPF,2026-05-13,Too Many Requests. Rate limited. Try after a while.
BMA,2026-05-13,Too Many Requests. Rate limited. Try after a while.
BBAR,2026-05-13,Too Many Requests. Rate limited. Try after a while.
LOMA,2026-05-13,Too Many Requests. Rate limited. Try after a while.
CEPU,2026-05-13,Too Many Requests. Rate limited. Try after a while.
SUPV,2026-05-13,Too Many Requests. Rate limited. Try after a while.
GGAL,2026-05-13,Too Many Requests. Rate limited. Try after a while.
TSLL,2026-05-13,Too Many Requests. Rate limited. Try after a while.
SOXL,2026-05-13,Too Many Requests. Rate limited. Try after a while.
SQQQ,2026-05-13,Too Many Requests. Rate limited. Try after a while.
SOXS,2026-05-13,Too Many Requests. Rate limited. Try after a while.
TQQQ,2026-05-13,Too Many Requests. Rate limited. Try after a while.
TSLZ,2026-05-13,Too Many Requests. Rate limited. Try after a while.
SPXS,2026-05-13,Too Many Requests. Rate limited. Try after a while.
SPY,2026-05-13,Too Many Requests. Rate limited. Try after a while.
MSTU,2026-05-13,Too Many Requests. Rate limited. Try after a while.
HYG,2026-05-13,Too Many Requests. Rate limited. Try after a while.
QQQ,2026-05-13,Too Many Requests. Rate limited. Try after a while.
MSTZ,2026-05-13,Too Many Requests. Rate limited. Try after a while.
TLT,2026-05-13,Too Many Requests. Rate limited. Try after a while.
FXI,2026-05-13,Too Many Requests. Rate limited. Try after a while.
AMDL,2026-05-13,Too Many Requests. Rate limited. Try after a while.
XLF,2026-05-13,Too Many Requests. Rate limited. Try after a while.
LQD,2026-05-13,Too Many Requests. Rate limited. Try after a while.
EWZ,2026-05-13,Too Many Requests. Rate limited. Try after a while.
NVDQ,2026-05-13,Too Many Requests. Rate limited. Try after a while.
IBIT,2026-05-13,Too Many Requests. Rate limited. Try after a while.
NVDX,2026-05-13,Too Many Requests. Rate limited. Try after a while.
TSLQ,2026-05-13,Too Many Requests. Rate limited. Try after a while.
NVDL,2026-05-13,Too Many Requests. Rate limited. Try after a while.
SMST,2026-05-13,Too Many Requests. Rate limited. Try after a while.
SAP,2026-05-13,Too Many Requests. Rate limited. Try after a while.
ALV,2026-05-13,Too Many Requests. Rate limited. Try after a while.
DTE,2026-05-13,Too Many Requests. Rate limited. Try after a while.
ENR,2026-05-13,Too Many Requests. Rate limited. Try after a while.
KWEB,2026-05-13,Too Many Requests. Rate limited. Try after a while.
DB,2026-05-13,Too Many Requests. Rate limited. Try after a while.
MBG,2026-05-13,Too Many Requests. Rate limited. Try after a while.
HEI,2026-05-13,Too Many Requests. Rate limited. Try after a while.
CBK,2026-05-13,Too Many Requests. Rate limited. Try after a while.
RW,2026-05-13,Too Many Requests. Rate limited. Try after a while.
DTG,2026-05-13,Too Many Requests. Rate limited. Try after a while.
TLX,2026-05-13,Too Many Requests. Rate limited. Try after a while.
CON,2026-05-13,Too Many Requests. Rate limited. Try after a while.
NEM,2026-05-13,Too Many Requests. Rate limited. Try after a while.
FRA,2026-05-13,Too Many Requests. Rate limited. Try after a while.
BN,2026-05-13,Too Many Requests. Rate limited. Try after a while.
AM,2026-05-13,Too Many Requests. Rate limited. Try after a while.
GBF,2026-05-13,Too Many Requests. Rate limited. Try after a while.
GIL,2026-05-13,Too Many Requests. Rate limited. Try after a while.
SPG,2026-05-13,Too Many Requests. Rate limited. Try after a while.
BOSSY,2026-05-13,Too Many Requests. Rate limited. Try after a while.
CNDL,2026-05-13,Too Many Requests. Rate limited. Try after a while.
ASML,2026-05-13,Too Many Requests. Rate limited. Try after a while.
UMI,2026-05-13,Too Many Requests. Rate limited. Try after a while.
MT,2026-05-13,Too Many Requests. Rate limited. Try after a while.
NNN,2026-05-13,Too Many Requests. Rate limited. Try after a while.
SAN,2026-05-13,Too Many Requests. Rate limited. Try after a while.
BBVA,2026-05-13,Too Many Requests. Rate limited. Try after a while.
FER,2026-05-13,Too Many Requests. Rate limited. Try after a while.
IDR,2026-05-13,Too Many Requests. Rate limited. Try after a while.
AMS,2026-05-13,Too Many Requests. Rate limited. Try after a while.
GRF,2026-05-13,Too Many Requests. Rate limited. Try after a while.
BKT,2026-05-13,Too Many Requests. Rate limited. Try after a while.
ZS,2026-05-13,Too Many Requests. Rate limited. Try after a while.
NET,2026-05-13,Too Many Requests. Rate limited. Try after a while.
OKTA,2026-05-13,Too Many Requests. Rate limited. Try after a while.
SHOP,2026-05-13,Too Many Requests. Rate limited. Try after a while.
MELI,2026-05-13,Too Many Requests. Rate limited. Try after a while.
SPOT,2026-05-13,Too Many Requests. Rate limited. Try after a while.
RDDT,2026-05-13,Too Many Requests. Rate limited. Try after a while.
MPLX,2026-05-13,Too Many Requests. Rate limited. Try after a while.
EPD,2026-05-13,Too Many Requests. Rate limited. Try after a while.
KNTK,2026-05-13,Too Many Requests. Rate limited. Try after a while.
NOV,2026-05-13,Too Many Requests. Rate limited. Try after a while.
WTRG,2026-05-13,Too Many Requests. Rate limited. Try after a while.
OGS,2026-05-13,Too Many Requests. Rate limited. Try after a while.
AWR,2026-05-13,Too Many Requests. Rate limited. Try after a while.
RPM,2026-05-13,Too Many Requests. Rate limited. Try after a while.
FMC,2026-05-13,Too Many Requests. Rate limited. Try after a while.
NTR,2026-05-13,Too Many Requests. Rate limited. Try after a while.
GXO,2026-05-13,Too Many Requests. Rate limited. Try after a while.
SAIA,2026-05-13,Too Many Requests. Rate limited. Try after a while.
LSTR,2026-05-13,Too Many Requests. Rate limited. Try after a while.
WPP,2026-05-13,Too Many Requests. Rate limited. Try after a while.
PUBGY,2026-05-13,Too Many Requests. Rate limited. Try after a while.
XPO,2026-05-13,Too Many Requests. Rate limited. Try after a while.
BURL,2026-05-13,Too Many Requests. Rate limited. Try after a while.
AAP,2026-05-13,Too Many Requests. Rate limited. Try after a while.
RACE,2026-05-13,Too Many Requests. Rate limited. Try after a while.
QSR,2026-05-13,Too Many Requests. Rate limited. Try after a while.
ARES,2026-05-13,Too Many Requests. Rate limited. Try after a while.
OWL,2026-05-13,Too Many Requests. Rate limited. Try after a while.
COIN,2026-05-13,Too Many Requests. Rate limited. Try after a while.
TRU,2026-05-13,Too Many Requests. Rate limited. Try after a while.
ILMN,2026-05-13,Too Many Requests. Rate limited. Try after a while.
ALNY,2026-05-13,Too Many Requests. Rate limited. Try after a while.
VEEV,2026-05-13,Too Many Requests. Rate limited. Try after a while.
CIEN,2026-05-13,Too Many Requests. Rate limited. Try after a while.
PSTG,2026-05-13,Too Many Requests. Rate limited. Try after a while.
RBLX,2026-05-13,Too Many Requests. Rate limited. Try after a while.
CEPU,2026-05-14,Too Many Requests. Rate limited. Try after a while.
GGAL,2026-05-14,Too Many Requests. Rate limited. Try after a while.
SPXS,2026-05-14,Too Many Requests. Rate limited. Try after a while.
MSTU,2026-05-14,Too Many Requests. Rate limited. Try after a while.
HYG,2026-05-14,Too Many Requests. Rate limited. Try after a while.
TSLL,2026-05-14,Too Many Requests. Rate limited. Try after a while.
BBAR,2026-05-14,Too Many Requests. Rate limited. Try after a while.
LOMA,2026-05-14,Too Many Requests. Rate limited. Try after a while.
TSLZ,2026-05-14,Too Many Requests. Rate limited. Try after a while.
SPY,2026-05-14,Too Many Requests. Rate limited. Try after a while.
QQQ,2026-05-14,Too Many Requests. Rate limited. Try after a while.
MSTZ,2026-05-14,Too Many Requests. Rate limited. Try after a while.
TLT,2026-05-14,Too Many Requests. Rate limited. Try after a while.
FXI,2026-05-14,Too Many Requests. Rate limited. Try after a while.
AMDL,2026-05-14,Too Many Requests. Rate limited. Try after a while.
IBIT,2026-05-14,Too Many Requests. Rate limited. Try after a while.
XLF,2026-05-14,Too Many Requests. Rate limited. Try after a while.
LQD,2026-05-14,Too Many Requests. Rate limited. Try after a while.
EWZ,2026-05-14,Too Many Requests. Rate limited. Try after a while.
NVDQ,2026-05-14,Too Many Requests. Rate limited. Try after a while.
NVDX,2026-05-14,Too Many Requests. Rate limited. Try after a while.
TSLQ,2026-05-14,Too Many Requests. Rate limited. Try after a while.
SMST,2026-05-14,Too Many Requests. Rate limited. Try after a while.
NVDL,2026-05-14,Too Many Requests. Rate limited. Try after a while.
KWEB,2026-05-14,Too Many Requests. Rate limited. Try after a while.
SAP,2026-05-14,Too Many Requests. Rate limited. Try after a while.
ALV,2026-05-14,Too Many Requests. Rate limited. Try after a while.
DTE,2026-05-14,Too Many Requests. Rate limited. Try after a while.
ENR,2026-05-14,Too Many Requests. Rate limited. Try after a while.
DB,2026-05-14,Too Many Requests. Rate limited. Try after a while.
MBG,2026-05-14,Too Many Requests. Rate limited. Try after a while.
HEI,2026-05-14,Too Many Requests. Rate limited. Try after a while.
RW,2026-05-14,Too Many Requests. Rate limited. Try after a while.
CBK,2026-05-14,Too Many Requests. Rate limited. Try after a while.
DTG,2026-05-14,Too Many Requests. Rate limited. Try after a while.
TLX,2026-05-14,Too Many Requests. Rate limited. Try after a while.
FRA,2026-05-14,Too Many Requests. Rate limited. Try after a while.
CON,2026-05-14,Too Many Requests. Rate limited. Try after a while.
NEM,2026-05-14,Too Many Requests. Rate limited. Try after a while.
BN,2026-05-14,Too Many Requests. Rate limited. Try after a while.
AM,2026-05-14,Too Many Requests. Rate limited. Try after a while.
GBF,2026-05-14,Too Many Requests. Rate limited. Try after a while.
GIL,2026-05-14,Too Many Requests. Rate limited. Try after a while.
SPG,2026-05-14,Too Many Requests. Rate limited. Try after a while.
CNDL,2026-05-14,Too Many Requests. Rate limited. Try after a while.
BOSSY,2026-05-14,Too Many Requests. Rate limited. Try after a while.
ASML,2026-05-14,Too Many Requests. Rate limited. Try after a while.
UMI,2026-05-14,Too Many Requests. Rate limited. Try after a while.
MT,2026-05-14,Too Many Requests. Rate limited. Try after a while.
NNN,2026-05-14,Too Many Requests. Rate limited. Try after a while.
BBVA,2026-05-14,Too Many Requests. Rate limited. Try after a while.
SAN,2026-05-14,Too Many Requests. Rate limited. Try after a while.
FER,2026-05-14,Too Many Requests. Rate limited. Try after a while.
AMS,2026-05-14,Too Many Requests. Rate limited. Try after a while.
BKT,2026-05-14,Too Many Requests. Rate limited. Try after a while.
IDR,2026-05-14,Too Many Requests. Rate limited. Try after a while.
GRF,2026-05-14,Too Many Requests. Rate limited. Try after a while.
ZS,2026-05-14,Too Many Requests. Rate limited. Try after a while.
OKTA,2026-05-14,Too Many Requests. Rate limited. Try after a while.
NET,2026-05-14,Too Many Requests. Rate limited. Try after a while.
SHOP,2026-05-14,Too Many Requests. Rate limited. Try after a while.
RDDT,2026-05-14,Too Many Requests. Rate limited. Try after a while.
MELI,2026-05-14,Too Many Requests. Rate limited. Try after a while.
SPOT,2026-05-14,Too Many Requests. Rate limited. Try after a while.
EPD,2026-05-14,Too Many Requests. Rate limited. Try after a while.
MPLX,2026-05-14,Too Many Requests. Rate limited. Try after a while.
KNTK,2026-05-14,Too Many Requests. Rate limited. Try after a while.
NOV,2026-05-14,Too Many Requests. Rate limited. Try after a while.
OGS,2026-05-14,Too Many Requests. Rate limited. Try after a while.
WTRG,2026-05-14,Too Many Requests. Rate limited. Try after a while.
AWR,2026-05-14,Too Many Requests. Rate limited. Try after a while.
RPM,2026-05-14,Too Many Requests. Rate limited. Try after a while.
NTR,2026-05-14,Too Many Requests. Rate limited. Try after a while.
GXO,2026-05-14,Too Many Requests. Rate limited. Try after a while.
LSTR,2026-05-14,Too Many Requests. Rate limited. Try after a while.
XPO,2026-05-14,Too Many Requests. Rate limited. Try after a while.
SAIA,2026-05-14,Too Many Requests. Rate limited. Try after a while.
WPP,2026-05-14,Too Many Requests. Rate limited. Try after a while.
PUBGY,2026-05-14,Too Many Requests. Rate limited. Try after a while.
FMC,2026-05-14,Too Many Requests. Rate limited. Try after a while.
BURL,2026-05-14,Too Many Requests. Rate limited. Try after a while.
AAP,2026-05-14,Too Many Requests. Rate limited. Try after a while.
RACE,2026-05-14,Too Many Requests. Rate limited. Try after a while.
QSR,2026-05-14,Too Many Requests. Rate limited. Try after a while.
ARES,2026-05-14,Too Many Requests. Rate limited. Try after a while.
OWL,2026-05-14,Too Many Requests. Rate limited. Try after a while.
COIN,2026-05-14,Too Many Requests. Rate limited. Try after a while.
TRU,2026-05-14,Too Many Requests. Rate limited. Try after a while.
ILMN,2026-05-14,Too Many Requests. Rate limited. Try after a while.
ALNY,2026-05-14,Too Many Requests. Rate limited. Try after a while.
VEEV,2026-05-14,Too Many Requests. Rate limited. Try after a while.
CIEN,2026-05-14,Too Many Requests. Rate limited. Try after a while.
PSTG,2026-05-14,Too Many Requests. Rate limited. Try after a while.
RBLX,2026-05-14,Too Many Requests. Rate limited. Try after a while.
WBD,2026-05-15,Too Many Requests. Rate limited. Try after a while.
WELL,2026-05-15,Too Many Requests. Rate limited. Try after a while.
WSM,2026-05-15,Too Many Requests. Rate limited. Try after a while.
WY,2026-05-15,Too Many Requests. Rate limited. Try after a while.
WDC,2026-05-15,Too Many Requests. Rate limited. Try after a while.
WEC,2026-05-15,Too Many Requests. Rate limited. Try after a while.
WTW,2026-05-15,Too Many Requests. Rate limited. Try after a while.
WST,2026-05-15,Too Many Requests. Rate limited. Try after a while.
WMB,2026-05-15,Too Many Requests. Rate limited. Try after a while.
WFC,2026-05-15,Too Many Requests. Rate limited. Try after a while.
WYNN,2026-05-15,Too Many Requests. Rate limited. Try after a while.
WDAY,2026-05-15,Too Many Requests. Rate limited. Try after a while.
YUM,2026-05-15,Too Many Requests. Rate limited. Try after a while.
XEL,2026-05-15,Too Many Requests. Rate limited. Try after a while.
ZBRA,2026-05-15,Too Many Requests. Rate limited. Try after a while.
XYL,2026-05-15,Too Many Requests. Rate limited. Try after a while.
ZBH,2026-05-15,Too Many Requests. Rate limited. Try after a while.
ZTS,2026-05-15,Too Many Requests. Rate limited. Try after a while.
YPF,2026-05-15,Too Many Requests. Rate limited. Try after a while.
GGAL,2026-05-15,Too Many Requests. Rate limited. Try after a while.
BMA,2026-05-15,Too Many Requests. Rate limited. Try after a while.
LOMA,2026-05-15,Too Many Requests. Rate limited. Try after a while.
SUPV,2026-05-15,Too Many Requests. Rate limited. Try after a while.
TSLL,2026-05-15,Too Many Requests. Rate limited. Try after a while.
SOXL,2026-05-15,Too Many Requests. Rate limited. Try after a while.
CEPU,2026-05-15,Too Many Requests. Rate limited. Try after a while.
BBAR,2026-05-15,Too Many Requests. Rate limited. Try after a while.
SOXS,2026-05-15,Too Many Requests. Rate limited. Try after a while.
TQQQ,2026-05-15,Too Many Requests. Rate limited. Try after a while.
SQQQ,2026-05-15,Too Many Requests. Rate limited. Try after a while.
TSLZ,2026-05-15,Too Many Requests. Rate limited. Try after a while.
SPY,2026-05-15,Too Many Requests. Rate limited. Try after a while.
SPXS,2026-05-15,Too Many Requests. Rate limited. Try after a while.
MSTU,2026-05-15,Too Many Requests. Rate limited. Try after a while.
QQQ,2026-05-15,Too Many Requests. Rate limited. Try after a while.
HYG,2026-05-15,Too Many Requests. Rate limited. Try after a while.
TLT,2026-05-15,Too Many Requests. Rate limited. Try after a while.
MSTZ,2026-05-15,Too Many Requests. Rate limited. Try after a while.
FXI,2026-05-15,Too Many Requests. Rate limited. Try after a while.
AMDL,2026-05-15,Too Many Requests. Rate limited. Try after a while.
XLF,2026-05-15,Too Many Requests. Rate limited. Try after a while.
IBIT,2026-05-15,Too Many Requests. Rate limited. Try after a while.
LQD,2026-05-15,Too Many Requests. Rate limited. Try after a while.
NVDQ,2026-05-15,Too Many Requests. Rate limited. Try after a while.
EWZ,2026-05-15,Too Many Requests. Rate limited. Try after a while.
TSLQ,2026-05-15,Too Many Requests. Rate limited. Try after a while.
NVDX,2026-05-15,Too Many Requests. Rate limited. Try after a while.
NVDL,2026-05-15,Too Many Requests. Rate limited. Try after a while.
SMST,2026-05-15,Too Many Requests. Rate limited. Try after a while.
KWEB,2026-05-15,Too Many Requests. Rate limited. Try after a while.
SAP,2026-05-15,Too Many Requests. Rate limited. Try after a while.
ALV,2026-05-15,Too Many Requests. Rate limited. Try after a while.
DTE,2026-05-15,Too Many Requests. Rate limited. Try after a while.
ENR,2026-05-15,Too Many Requests. Rate limited. Try after a while.
DB,2026-05-15,Too Many Requests. Rate limited. Try after a while.
MBG,2026-05-15,Too Many Requests. Rate limited. Try after a while.
HEI,2026-05-15,Too Many Requests. Rate limited. Try after a while.
RW,2026-05-15,Too Many Requests. Rate limited. Try after a while.
CBK,2026-05-15,Too Many Requests. Rate limited. Try after a while.
DTG,2026-05-15,Too Many Requests. Rate limited. Try after a while.
TLX,2026-05-15,Too Many Requests. Rate limited. Try after a while.
CON,2026-05-15,Too Many Requests. Rate limited. Try after a while.
NEM,2026-05-15,Too Many Requests. Rate limited. Try after a while.
FRA,2026-05-15,Too Many Requests. Rate limited. Try after a while.
AM,2026-05-15,Too Many Requests. Rate limited. Try after a while.
BN,2026-05-15,Too Many Requests. Rate limited. Try after a while.
GBF,2026-05-15,Too Many Requests. Rate limited. Try after a while.
GIL,2026-05-15,Too Many Requests. Rate limited. Try after a while.
SPG,2026-05-15,Too Many Requests. Rate limited. Try after a while.
CNDL,2026-05-15,Too Many Requests. Rate limited. Try after a while.
BOSSY,2026-05-15,Too Many Requests. Rate limited. Try after a while.
ASML,2026-05-15,Too Many Requests. Rate limited. Try after a while.
UMI,2026-05-15,Too Many Requests. Rate limited. Try after a while.
MT,2026-05-15,Too Many Requests. Rate limited. Try after a while.
NNN,2026-05-15,Too Many Requests. Rate limited. Try after a while.
SAN,2026-05-15,Too Many Requests. Rate limited. Try after a while.
FER,2026-05-15,Too Many Requests. Rate limited. Try after a while.
BBVA,2026-05-15,Too Many Requests. Rate limited. Try after a while.
AMS,2026-05-15,Too Many Requests. Rate limited. Try after a while.
BKT,2026-05-15,Too Many Requests. Rate limited. Try after a while.
IDR,2026-05-15,Too Many Requests. Rate limited. Try after a while.
GRF,2026-05-15,Too Many Requests. Rate limited. Try after a while.
NET,2026-05-15,Too Many Requests. Rate limited. Try after a while.
ZS,2026-05-15,Too Many Requests. Rate limited. Try after a while.
OKTA,2026-05-15,Too Many Requests. Rate limited. Try after a while.
MELI,2026-05-15,Too Many Requests. Rate limited. Try after a while.
SHOP,2026-05-15,Too Many Requests. Rate limited. Try after a while.
SPOT,2026-05-15,Too Many Requests. Rate limited. Try after a while.
RDDT,2026-05-15,Too Many Requests. Rate limited. Try after a while.
EPD,2026-05-15,Too Many Requests. Rate limited. Try after a while.
MPLX,2026-05-15,Too Many Requests. Rate limited. Try after a while.
KNTK,2026-05-15,Too Many Requests. Rate limited. Try after a while.
OGS,2026-05-15,Too Many Requests. Rate limited. Try after a while.
NOV,2026-05-15,Too Many Requests. Rate limited. Try after a while.
WTRG,2026-05-15,Too Many Requests. Rate limited. Try after a while.
AWR,2026-05-15,Too Many Requests. Rate limited. Try after a while.
RPM,2026-05-15,Too Many Requests. Rate limited. Try after a while.
GXO,2026-05-15,Too Many Requests. Rate limited. Try after a while.
NTR,2026-05-15,Too Many Requests. Rate limited. Try after a while.
FMC,2026-05-15,Too Many Requests. Rate limited. Try after a while.
LSTR,2026-05-15,Too Many Requests. Rate limited. Try after a while.
XPO,2026-05-15,Too Many Requests. Rate limited. Try after a while.
SAIA,2026-05-15,Too Many Requests. Rate limited. Try after a while.
PUBGY,2026-05-15,Too Many Requests. Rate limited. Try after a while.
BURL,2026-05-15,Too Many Requests. Rate limited. Try after a while.
AAP,2026-05-15,Too Many Requests. Rate limited. Try after a while.
RACE,2026-05-15,Too Many Requests. Rate limited. Try after a while.
ARES,2026-05-15,Too Many Requests. Rate limited. Try after a while.
WPP,2026-05-15,Too Many Requests. Rate limited. Try after a while.
QSR,2026-05-15,Too Many Requests. Rate limited. Try after a while.
OWL,2026-05-15,Too Many Requests. Rate limited. Try after a while.
COIN,2026-05-15,Too Many Requests. Rate limited. Try after a while.
TRU,2026-05-15,Too Many Requests. Rate limited. Try after a while.
CIEN,2026-05-15,Too Many Requests. Rate limited. Try after a while.
ILMN,2026-05-15,Too Many Requests. Rate limited. Try after a while.
VEEV,2026-05-15,Too Many Requests. Rate limited. Try after a while.
RBLX,2026-05-15,Too Many Requests. Rate limited. Try after a while.
ALNY,2026-05-15,Too Many Requests. Rate limited. Try after a while.
PSTG,2026-05-15,Too Many Requests. Rate limited. Try after a while.
MMM,2026-05-16,Too Many Requests. Rate limited. Try after a while.
AMD,2026-05-16,Too Many Requests. Rate limited. Try after a while.
A,2026-05-16,Too Many Requests. Rate limited. Try after a while.
AFL,2026-05-16,argument of type 'NoneType' is not iterable
AOS,2026-05-16,argument of type 'NoneType' is not iterable
AES,2026-05-16,argument of type 'NoneType' is not iterable
ADBE,2026-05-16,argument of type 'NoneType' is not iterable
ABBV,2026-05-16,argument of type 'NoneType' is not iterable
ACN,2026-05-16,argument of type 'NoneType' is not iterable
ABT,2026-05-16,Too Many Requests. Rate limited. Try after a while.
APD,2026-05-16,Too Many Requests. Rate limited. Try after a while.
ABNB,2026-05-16,Too Many Requests. Rate limited. Try after a while.
AKAM,2026-05-16,Too Many Requests. Rate limited. Try after a while.
ARE,2026-05-16,Too Many Requests. Rate limited. Try after a while.
ALB,2026-05-16,argument of type 'NoneType' is not iterable
ALLE,2026-05-16,Too Many Requests. Rate limited. Try after a while.
LNT,2026-05-16,argument of type 'NoneType' is not iterable
ALL,2026-05-16,Too Many Requests. Rate limited. Try after a while.
ALGN,2026-05-16,argument of type 'NoneType' is not iterable
GOOGL,2026-05-16,Too Many Requests. Rate limited. Try after a while.
GOOG,2026-05-16,Too Many Requests. Rate limited. Try after a while.
MO,2026-05-16,Too Many Requests. Rate limited. Try after a while.
AMZN,2026-05-16,Too Many Requests. Rate limited. Try after a while.
AEE,2026-05-16,Too Many Requests. Rate limited. Try after a while.
AMCR,2026-05-16,argument of type 'NoneType' is not iterable
AEP,2026-05-16,argument of type 'NoneType' is not iterable
AXP,2026-05-16,Too Many Requests. Rate limited. Try after a while.
AIG,2026-05-16,argument of type 'NoneType' is not iterable
AMT,2026-05-16,argument of type 'NoneType' is not iterable
AWK,2026-05-16,Too Many Requests. Rate limited. Try after a while.
AMP,2026-05-16,Too Many Requests. Rate limited. Try after a while.
AME,2026-05-16,Too Many Requests. Rate limited. Try after a while.
APH,2026-05-16,Too Many Requests. Rate limited. Try after a while.
AMGN,2026-05-16,Too Many Requests. Rate limited. Try after a while.
APA,2026-05-16,Too Many Requests. Rate limited. Try after a while.
AON,2026-05-16,Too Many Requests. Rate limited. Try after a while.
ADI,2026-05-16,Too Many Requests. Rate limited. Try after a while.
APO,2026-05-16,Too Many Requests. Rate limited. Try after a while.
AMAT,2026-05-16,argument of type 'NoneType' is not iterable
AAPL,2026-05-16,Too Many Requests. Rate limited. Try after a while.
APTV,2026-05-16,Too Many Requests. Rate limited. Try after a while.
ROP,2026-05-16,Too Many Requests. Rate limited. Try after a while.
ROST,2026-05-16,Too Many Requests. Rate limited. Try after a while.
RCL,2026-05-16,Too Many Requests. Rate limited. Try after a while.
ROK,2026-05-16,Too Many Requests. Rate limited. Try after a while.
SPGI,2026-05-16,Too Many Requests. Rate limited. Try after a while.
ROL,2026-05-16,Too Many Requests. Rate limited. Try after a while.
REGN,2026-05-16,Too Many Requests. Rate limited. Try after a while.
RMD,2026-05-16,Too Many Requests. Rate limited. Try after a while.
CRM,2026-05-16,Too Many Requests. Rate limited. Try after a while.
RVTY,2026-05-16,Too Many Requests. Rate limited. Try after a while.
SBAC,2026-05-16,Too Many Requests. Rate limited. Try after a while.
SLB,2026-05-16,Too Many Requests. Rate limited. Try after a while.
STX,2026-05-16,Too Many Requests. Rate limited. Try after a while.
NOW,2026-05-16,Too Many Requests. Rate limited. Try after a while.
SHW,2026-05-16,Too Many Requests. Rate limited. Try after a while.
SWKS,2026-05-16,Too Many Requests. Rate limited. Try after a while.
SRE,2026-05-16,Too Many Requests. Rate limited. Try after a while.
SW,2026-05-16,Too Many Requests. Rate limited. Try after a while.
SJM,2026-05-16,Too Many Requests. Rate limited. Try after a while.
SNA,2026-05-16,Too Many Requests. Rate limited. Try after a while.
SOLV,2026-05-16,Too Many Requests. Rate limited. Try after a while.
SO,2026-05-16,Too Many Requests. Rate limited. Try after a while.
LUV,2026-05-16,Too Many Requests. Rate limited. Try after a while.
STT,2026-05-16,Too Many Requests. Rate limited. Try after a while.
STE,2026-05-16,Too Many Requests. Rate limited. Try after a while.
SBUX,2026-05-16,Too Many Requests. Rate limited. Try after a while.
SWK,2026-05-16,Too Many Requests. Rate limited. Try after a while.
STLD,2026-05-16,Too Many Requests. Rate limited. Try after a while.
SMCI,2026-05-16,Too Many Requests. Rate limited. Try after a while.
SYK,2026-05-16,Too Many Requests. Rate limited. Try after a while.
SYF,2026-05-16,Too Many Requests. Rate limited. Try after a while.
SNPS,2026-05-16,Too Many Requests. Rate limited. Try after a while.
SYY,2026-05-16,Too Many Requests. Rate limited. Try after a while.
TMUS,2026-05-16,Too Many Requests. Rate limited. Try after a while.
TROW,2026-05-16,Too Many Requests. Rate limited. Try after a while.
TPR,2026-05-16,Too Many Requests. Rate limited. Try after a while.
TGT,2026-05-16,Too Many Requests. Rate limited. Try after a while.
TTWO,2026-05-16,Too Many Requests. Rate limited. Try after a while.
TEL,2026-05-16,Too Many Requests. Rate limited. Try after a while.
TRGP,2026-05-16,Too Many Requests. Rate limited. Try after a while.
TDY,2026-05-16,Too Many Requests. Rate limited. Try after a while.
TER,2026-05-16,Too Many Requests. Rate limited. Try after a while.
TSLA,2026-05-16,Too Many Requests. Rate limited. Try after a while.
TXN,2026-05-16,Too Many Requests. Rate limited. Try after a while.
TPL,2026-05-16,Too Many Requests. Rate limited. Try after a while.
TXT,2026-05-16,Too Many Requests. Rate limited. Try after a while.
TJX,2026-05-16,Too Many Requests. Rate limited. Try after a while.
TMO,2026-05-16,Too Many Requests. Rate limited. Try after a while.
TSCO,2026-05-16,Too Many Requests. Rate limited. Try after a while.
TKO,2026-05-16,Too Many Requests. Rate limited. Try after a while.
TT,2026-05-16,Too Many Requests. Rate limited. Try after a while.
TDG,2026-05-16,Too Many Requests. Rate limited. Try after a while.
TRV,2026-05-16,Too Many Requests. Rate limited. Try after a while.
TRMB,2026-05-16,Too Many Requests. Rate limited. Try after a while.
TFC,2026-05-16,Too Many Requests. Rate limited. Try after a while.
TYL,2026-05-16,Too Many Requests. Rate limited. Try after a while.
TSN,2026-05-16,Too Many Requests. Rate limited. Try after a while.
USB,2026-05-16,Too Many Requests. Rate limited. Try after a while.
UBER,2026-05-16,Too Many Requests. Rate limited. Try after a while.
UDR,2026-05-16,Too Many Requests. Rate limited. Try after a while.
ULTA,2026-05-16,Too Many Requests. Rate limited. Try after a while.
UNP,2026-05-16,Too Many Requests. Rate limited. Try after a while.
UAL,2026-05-16,Too Many Requests. Rate limited. Try after a while.
UPS,2026-05-16,Too Many Requests. Rate limited. Try after a while.
URI,2026-05-16,Too Many Requests. Rate limited. Try after a while.
UNH,2026-05-16,Too Many Requests. Rate limited. Try after a while.
UHS,2026-05-16,Too Many Requests. Rate limited. Try after a while.
VLO,2026-05-16,Too Many Requests. Rate limited. Try after a while.
VLTO,2026-05-16,Too Many Requests. Rate limited. Try after a while.
VTR,2026-05-16,Too Many Requests. Rate limited. Try after a while.
VRSN,2026-05-16,Too Many Requests. Rate limited. Try after a while.
VRSK,2026-05-16,Too Many Requests. Rate limited. Try after a while.
VRTX,2026-05-16,Too Many Requests. Rate limited. Try after a while.
VZ,2026-05-16,Too Many Requests. Rate limited. Try after a while.
VTRS,2026-05-16,Too Many Requests. Rate limited. Try after a while.
VICI,2026-05-16,Too Many Requests. Rate limited. Try after a while.
V,2026-05-16,Too Many Requests. Rate limited. Try after a while.
VST,2026-05-16,Too Many Requests. Rate limited. Try after a while.
VMC,2026-05-16,Too Many Requests. Rate limited. Try after a while.
WRB,2026-05-16,Too Many Requests. Rate limited. Try after a while.
GWW,2026-05-16,Too Many Requests. Rate limited. Try after a while.
WAB,2026-05-16,Too Many Requests. Rate limited. Try after a while.
WMT,2026-05-16,Too Many Requests. Rate limited. Try after a while.
WBD,2026-05-16,Too Many Requests. Rate limited. Try after a while.
DIS,2026-05-16,Too Many Requests. Rate limited. Try after a while.
WM,2026-05-16,Too Many Requests. Rate limited. Try after a while.
WAT,2026-05-16,Too Many Requests. Rate limited. Try after a while.
WEC,2026-05-16,Too Many Requests. Rate limited. Try after a while.
WFC,2026-05-16,Too Many Requests. Rate limited. Try after a while.
WELL,2026-05-16,Too Many Requests. Rate limited. Try after a while.
WDC,2026-05-16,Too Many Requests. Rate limited. Try after a while.
WST,2026-05-16,Too Many Requests. Rate limited. Try after a while.
WY,2026-05-16,Too Many Requests. Rate limited. Try after a while.
WSM,2026-05-16,Too Many Requests. Rate limited. Try after a while.
WMB,2026-05-16,Too Many Requests. Rate limited. Try after a while.
WTW,2026-05-16,Too Many Requests. Rate limited. Try after a while.
WDAY,2026-05-16,Too Many Requests. Rate limited. Try after a while.
WYNN,2026-05-16,Too Many Requests. Rate limited. Try after a while.
XEL,2026-05-16,Too Many Requests. Rate limited. Try after a while.
XYL,2026-05-16,Too Many Requests. Rate limited. Try after a while.
YUM,2026-05-16,Too Many Requests. Rate limited. Try after a while.
ZBH,2026-05-16,Too Many Requests. Rate limited. Try after a while.
ZBRA,2026-05-16,Too Many Requests. Rate limited. Try after a while.
ZTS,2026-05-16,Too Many Requests. Rate limited. Try after a while.
YPF,2026-05-16,Too Many Requests. Rate limited. Try after a while.
GGAL,2026-05-16,Too Many Requests. Rate limited. Try after a while.
BMA,2026-05-16,Too Many Requests. Rate limited. Try after a while.
BBAR,2026-05-16,Too Many Requests. Rate limited. Try after a while.
CEPU,2026-05-16,Too Many Requests. Rate limited. Try after a while.
LOMA,2026-05-16,Too Many Requests. Rate limited. Try after a while.
SUPV,2026-05-16,Too Many Requests. Rate limited. Try after a while.
TSLL,2026-05-16,Too Many Requests. Rate limited. Try after a while.
SOXL,2026-05-16,Too Many Requests. Rate limited. Try after a while.
SQQQ,2026-05-16,Too Many Requests. Rate limited. Try after a while.
SOXS,2026-05-16,Too Many Requests. Rate limited. Try after a while.
TQQQ,2026-05-16,Too Many Requests. Rate limited. Try after a while.
TSLZ,2026-05-16,Too Many Requests. Rate limited. Try after a while.
SPY,2026-05-16,Too Many Requests. Rate limited. Try after a while.
SPXS,2026-05-16,Too Many Requests. Rate limited. Try after a while.
MSTU,2026-05-16,Too Many Requests. Rate limited. Try after a while.
HYG,2026-05-16,Too Many Requests. Rate limited. Try after a while.
QQQ,2026-05-16,Too Many Requests. Rate limited. Try after a while.
TLT,2026-05-16,Too Many Requests. Rate limited. Try after a while.
MSTZ,2026-05-16,Too Many Requests. Rate limited. Try after a while.
FXI,2026-05-16,Too Many Requests. Rate limited. Try after a while.
AMDL,2026-05-16,Too Many Requests. Rate limited. Try after a while.
XLF,2026-05-16,Too Many Requests. Rate limited. Try after a while.
IBIT,2026-05-16,Too Many Requests. Rate limited. Try after a while.
LQD,2026-05-16,Too Many Requests. Rate limited. Try after a while.
EWZ,2026-05-16,Too Many Requests. Rate limited. Try after a while.
NVDQ,2026-05-16,Too Many Requests. Rate limited. Try after a while.
NVDX,2026-05-16,Too Many Requests. Rate limited. Try after a while.
TSLQ,2026-05-16,Too Many Requests. Rate limited. Try after a while.
NVDL,2026-05-16,Too Many Requests. Rate limited. Try after a while.
SMST,2026-05-16,Too Many Requests. Rate limited. Try after a while.
KWEB,2026-05-16,Too Many Requests. Rate limited. Try after a while.
SAP,2026-05-16,Too Many Requests. Rate limited. Try after a while.
ALV,2026-05-16,Too Many Requests. Rate limited. Try after a while.
DTE,2026-05-16,Too Many Requests. Rate limited. Try after a while.
ENR,2026-05-16,Too Many Requests. Rate limited. Try after a while.
DB,2026-05-16,Too Many Requests. Rate limited. Try after a while.
MBG,2026-05-16,Too Many Requests. Rate limited. Try after a while.
HEI,2026-05-16,Too Many Requests. Rate limited. Try after a while.
CBK,2026-05-16,Too Many Requests. Rate limited. Try after a while.
DTG,2026-05-16,Too Many Requests. Rate limited. Try after a while.
RW,2026-05-16,Too Many Requests. Rate limited. Try after a while.
TLX,2026-05-16,Too Many Requests. Rate limited. Try after a while.
CON,2026-05-16,Too Many Requests. Rate limited. Try after a while.
NEM,2026-05-16,Too Many Requests. Rate limited. Try after a while.
FRA,2026-05-16,Too Many Requests. Rate limited. Try after a while.
BN,2026-05-16,Too Many Requests. Rate limited. Try after a while.
AM,2026-05-16,Too Many Requests. Rate limited. Try after a while.
GBF,2026-05-16,Too Many Requests. Rate limited. Try after a while.
GIL,2026-05-16,Too Many Requests. Rate limited. Try after a while.
SPG,2026-05-16,Too Many Requests. Rate limited. Try after a while.
CNDL,2026-05-16,Too Many Requests. Rate limited. Try after a while.
BOSSY,2026-05-16,Too Many Requests. Rate limited. Try after a while.
ASML,2026-05-16,Too Many Requests. Rate limited. Try after a while.
UMI,2026-05-16,Too Many Requests. Rate limited. Try after a while.
MT,2026-05-16,Too Many Requests. Rate limited. Try after a while.
NNN,2026-05-16,Too Many Requests. Rate limited. Try after a while.
SAN,2026-05-16,Too Many Requests. Rate limited. Try after a while.
BBVA,2026-05-16,Too Many Requests. Rate limited. Try after a while.
FER,2026-05-16,Too Many Requests. Rate limited. Try after a while.
AMS,2026-05-16,Too Many Requests. Rate limited. Try after a while.
BKT,2026-05-16,Too Many Requests. Rate limited. Try after a while.
IDR,2026-05-16,Too Many Requests. Rate limited. Try after a while.
GRF,2026-05-16,Too Many Requests. Rate limited. Try after a while.
ZS,2026-05-16,Too Many Requests. Rate limited. Try after a while.
NET,2026-05-16,Too Many Requests. Rate limited. Try after a while.
OKTA,2026-05-16,Too Many Requests. Rate limited. Try after a while.
SHOP,2026-05-16,Too Many Requests. Rate limited. Try after a while.
MELI,2026-05-16,Too Many Requests. Rate limited. Try after a while.
SPOT,2026-05-16,Too Many Requests. Rate limited. Try after a while.
MPLX,2026-05-16,Too Many Requests. Rate limited. Try after a while.
RDDT,2026-05-16,Too Many Requests. Rate limited. Try after a while.
EPD,2026-05-16,Too Many Requests. Rate limited. Try after a while.
KNTK,2026-05-16,Too Many Requests. Rate limited. Try after a while.
NOV,2026-05-16,Too Many Requests. Rate limited. Try after a while.
WTRG,2026-05-16,Too Many Requests. Rate limited. Try after a while.
OGS,2026-05-16,Too Many Requests. Rate limited. Try after a while.
AWR,2026-05-16,Too Many Requests. Rate limited. Try after a while.
RPM,2026-05-16,Too Many Requests. Rate limited. Try after a while.
FMC,2026-05-16,Too Many Requests. Rate limited. Try after a while.
NTR,2026-05-16,Too Many Requests. Rate limited. Try after a while.
GXO,2026-05-16,Too Many Requests. Rate limited. Try after a while.
LSTR,2026-05-16,Too Many Requests. Rate limited. Try after a while.
XPO,2026-05-16,Too Many Requests. Rate limited. Try after a while.
SAIA,2026-05-16,Too Many Requests. Rate limited. Try after a while.
WPP,2026-05-16,Too Many Requests. Rate limited. Try after a while.
PUBGY,2026-05-16,Too Many Requests. Rate limited. Try after a while.
BURL,2026-05-16,Too Many Requests. Rate limited. Try after a while.
AAP,2026-05-16,Too Many Requests. Rate limited. Try after a while.
RACE,2026-05-16,Too Many Requests. Rate limited. Try after a while.
QSR,2026-05-16,Too Many Requests. Rate limited. Try after a while.
ARES,2026-05-16,Too Many Requests. Rate limited. Try after a while.
OWL,2026-05-16,Too Many Requests. Rate limited. Try after a while.
COIN,2026-05-16,Too Many Requests. Rate limited. Try after a while.
TRU,2026-05-16,Too Many Requests. Rate limited. Try after a while.
ILMN,2026-05-16,Too Many Requests. Rate limited. Try after a while.
ALNY,2026-05-16,Too Many Requests. Rate limited. Try after a while.
VEEV,2026-05-16,Too Many Requests. Rate limited. Try after a while.
CIEN,2026-05-16,Too Many Requests. Rate limited. Try after a while.
PSTG,2026-05-16,Too Many Requests. Rate limited. Try after a while.
RBLX,2026-05-16,Too Many Requests. Rate limited. Try after a while.
WFC,2026-05-17,Too Many Requests. Rate limited. Try after a while.
GWW,2026-05-17,Too Many Requests. Rate limited. Try after a while.
DIS,2026-05-17,Too Many Requests. Rate limited. Try after a while.
WM,2026-05-17,Too Many Requests. Rate limited. Try after a while.
WAT,2026-05-17,Too Many Requests. Rate limited. Try after a while.
WMT,2026-05-17,Too Many Requests. Rate limited. Try after a while.
WBD,2026-05-17,Too Many Requests. Rate limited. Try after a while.
WEC,2026-05-17,Too Many Requests. Rate limited. Try after a while.
WAB,2026-05-17,Too Many Requests. Rate limited. Try after a while.
WELL,2026-05-17,Too Many Requests. Rate limited. Try after a while.
WST,2026-05-17,Too Many Requests. Rate limited. Try after a while.
WDC,2026-05-17,Too Many Requests. Rate limited. Try after a while.
WY,2026-05-17,Too Many Requests. Rate limited. Try after a while.
WSM,2026-05-17,Too Many Requests. Rate limited. Try after a while.
WMB,2026-05-17,Too Many Requests. Rate limited. Try after a while.
WTW,2026-05-17,Too Many Requests. Rate limited. Try after a while.
WDAY,2026-05-17,Too Many Requests. Rate limited. Try after a while.
XEL,2026-05-17,Too Many Requests. Rate limited. Try after a while.
XYL,2026-05-17,Too Many Requests. Rate limited. Try after a while.
WYNN,2026-05-17,Too Many Requests. Rate limited. Try after a while.
YUM,2026-05-17,Too Many Requests. Rate limited. Try after a while.
ZBRA,2026-05-17,Too Many Requests. Rate limited. Try after a while.
ZBH,2026-05-17,Too Many Requests. Rate limited. Try after a while.
YPF,2026-05-17,Too Many Requests. Rate limited. Try after a while.
ZTS,2026-05-17,Too Many Requests. Rate limited. Try after a while.
GGAL,2026-05-17,Too Many Requests. Rate limited. Try after a while.
BMA,2026-05-17,Too Many Requests. Rate limited. Try after a while.
BBAR,2026-05-17,Too Many Requests. Rate limited. Try after a while.
CEPU,2026-05-17,Too Many Requests. Rate limited. Try after a while.
LOMA,2026-05-17,Too Many Requests. Rate limited. Try after a while.
SUPV,2026-05-17,Too Many Requests. Rate limited. Try after a while.
TSLL,2026-05-17,Too Many Requests. Rate limited. Try after a while.
SOXL,2026-05-17,Too Many Requests. Rate limited. Try after a while.
SOXS,2026-05-17,Too Many Requests. Rate limited. Try after a while.
SQQQ,2026-05-17,Too Many Requests. Rate limited. Try after a while.
TQQQ,2026-05-17,Too Many Requests. Rate limited. Try after a while.
TSLZ,2026-05-17,Too Many Requests. Rate limited. Try after a while.
SPY,2026-05-17,Too Many Requests. Rate limited. Try after a while.
SPXS,2026-05-17,Too Many Requests. Rate limited. Try after a while.
MSTU,2026-05-17,Too Many Requests. Rate limited. Try after a while.
HYG,2026-05-17,Too Many Requests. Rate limited. Try after a while.
QQQ,2026-05-17,Too Many Requests. Rate limited. Try after a while.
MSTZ,2026-05-17,Too Many Requests. Rate limited. Try after a while.
TLT,2026-05-17,Too Many Requests. Rate limited. Try after a while.
FXI,2026-05-17,Too Many Requests. Rate limited. Try after a while.
XLF,2026-05-17,Too Many Requests. Rate limited. Try after a while.
AMDL,2026-05-17,Too Many Requests. Rate limited. Try after a while.
IBIT,2026-05-17,Too Many Requests. Rate limited. Try after a while.
LQD,2026-05-17,Too Many Requests. Rate limited. Try after a while.
EWZ,2026-05-17,Too Many Requests. Rate limited. Try after a while.
NVDQ,2026-05-17,Too Many Requests. Rate limited. Try after a while.
NVDX,2026-05-17,Too Many Requests. Rate limited. Try after a while.
TSLQ,2026-05-17,Too Many Requests. Rate limited. Try after a while.
NVDL,2026-05-17,Too Many Requests. Rate limited. Try after a while.
SMST,2026-05-17,Too Many Requests. Rate limited. Try after a while.
KWEB,2026-05-17,Too Many Requests. Rate limited. Try after a while.
SAP,2026-05-17,Too Many Requests. Rate limited. Try after a while.
ALV,2026-05-17,Too Many Requests. Rate limited. Try after a while.
DTE,2026-05-17,Too Many Requests. Rate limited. Try after a while.
ENR,2026-05-17,Too Many Requests. Rate limited. Try after a while.
DB,2026-05-17,Too Many Requests. Rate limited. Try after a while.
MBG,2026-05-17,Too Many Requests. Rate limited. Try after a while.
HEI,2026-05-17,Too Many Requests. Rate limited. Try after a while.
CBK,2026-05-17,Too Many Requests. Rate limited. Try after a while.
RW,2026-05-17,Too Many Requests. Rate limited. Try after a while.
TLX,2026-05-17,Too Many Requests. Rate limited. Try after a while.
DTG,2026-05-17,Too Many Requests. Rate limited. Try after a while.
CON,2026-05-17,Too Many Requests. Rate limited. Try after a while.
NEM,2026-05-17,Too Many Requests. Rate limited. Try after a while.
FRA,2026-05-17,Too Many Requests. Rate limited. Try after a while.
BN,2026-05-17,Too Many Requests. Rate limited. Try after a while.
AM,2026-05-17,Too Many Requests. Rate limited. Try after a while.
GBF,2026-05-17,Too Many Requests. Rate limited. Try after a while.
GIL,2026-05-17,Too Many Requests. Rate limited. Try after a while.
SPG,2026-05-17,Too Many Requests. Rate limited. Try after a while.
CNDL,2026-05-17,Too Many Requests. Rate limited. Try after a while.
BOSSY,2026-05-17,Too Many Requests. Rate limited. Try after a while.
ASML,2026-05-17,Too Many Requests. Rate limited. Try after a while.
UMI,2026-05-17,Too Many Requests. Rate limited. Try after a while.
MT,2026-05-17,Too Many Requests. Rate limited. Try after a while.
NNN,2026-05-17,Too Many Requests. Rate limited. Try after a while.
SAN,2026-05-17,Too Many Requests. Rate limited. Try after a while.
BBVA,2026-05-17,Too Many Requests. Rate limited. Try after a while.
FER,2026-05-17,Too Many Requests. Rate limited. Try after a while.
IDR,2026-05-17,Too Many Requests. Rate limited. Try after a while.
BKT,2026-05-17,Too Many Requests. Rate limited. Try after a while.
GRF,2026-05-17,Too Many Requests. Rate limited. Try after a while.
ZS,2026-05-17,Too Many Requests. Rate limited. Try after a while.
AMS,2026-05-17,Too Many Requests. Rate limited. Try after a while.
NET,2026-05-17,Too Many Requests. Rate limited. Try after a while.
OKTA,2026-05-17,Too Many Requests. Rate limited. Try after a while.
SHOP,2026-05-17,Too Many Requests. Rate limited. Try after a while.
MELI,2026-05-17,Too Many Requests. Rate limited. Try after a while.
SPOT,2026-05-17,Too Many Requests. Rate limited. Try after a while.
RDDT,2026-05-17,Too Many Requests. Rate limited. Try after a while.
EPD,2026-05-17,Too Many Requests. Rate limited. Try after a while.
MPLX,2026-05-17,Too Many Requests. Rate limited. Try after a while.
KNTK,2026-05-17,Too Many Requests. Rate limited. Try after a while.
WTRG,2026-05-17,Too Many Requests. Rate limited. Try after a while.
NOV,2026-05-17,Too Many Requests. Rate limited. Try after a while.
OGS,2026-05-17,Too Many Requests. Rate limited. Try after a while.
AWR,2026-05-17,Too Many Requests. Rate limited. Try after a while.
RPM,2026-05-17,Too Many Requests. Rate limited. Try after a while.
FMC,2026-05-17,Too Many Requests. Rate limited. Try after a while.
NTR,2026-05-17,Too Many Requests. Rate limited. Try after a while.
GXO,2026-05-17,Too Many Requests. Rate limited. Try after a while.
LSTR,2026-05-17,Too Many Requests. Rate limited. Try after a while.
XPO,2026-05-17,Too Many Requests. Rate limited. Try after a while.
SAIA,2026-05-17,Too Many Requests. Rate limited. Try after a while.
WPP,2026-05-17,Too Many Requests. Rate limited. Try after a while.
PUBGY,2026-05-17,Too Many Requests. Rate limited. Try after a while.
BURL,2026-05-17,Too Many Requests. Rate limited. Try after a while.
AAP,2026-05-17,Too Many Requests. Rate limited. Try after a while.
RACE,2026-05-17,Too Many Requests. Rate limited. Try after a while.
QSR,2026-05-17,Too Many Requests. Rate limited. Try after a while.
ARES,2026-05-17,Too Many Requests. Rate limited. Try after a while.
OWL,2026-05-17,Too Many Requests. Rate limited. Try after a while.
COIN,2026-05-17,Too Many Requests. Rate limited. Try after a while.
TRU,2026-05-17,Too Many Requests. Rate limited. Try after a while.
ILMN,2026-05-17,Too Many Requests. Rate limited. Try after a while.
ALNY,2026-05-17,Too Many Requests. Rate limited. Try after a while.
VEEV,2026-05-17,Too Many Requests. Rate limited. Try after a while.
CIEN,2026-05-17,Too Many Requests. Rate limited. Try after a while.
PSTG,2026-05-17,Too Many Requests. Rate limited. Try after a while.
RBLX,2026-05-17,Too Many Requests. Rate limited. Try after a while.
SUPV,2026-05-18,Too Many Requests. Rate limited. Try after a while.
TSLZ,2026-05-18,Too Many Requests. Rate limited. Try after a while.
SPY,2026-05-18,Too Many Requests. Rate limited. Try after a while.
TSLL,2026-05-18,Too Many Requests. Rate limited. Try after a while.
SOXS,2026-05-18,Too Many Requests. Rate limited. Try after a while.
LOMA,2026-05-18,Too Many Requests. Rate limited. Try after a while.
CEPU,2026-05-18,Too Many Requests. Rate limited. Try after a while.
SOXL,2026-05-18,Too Many Requests. Rate limited. Try after a while.
SQQQ,2026-05-18,Too Many Requests. Rate limited. Try after a while.
TQQQ,2026-05-18,Too Many Requests. Rate limited. Try after a while.
SPXS,2026-05-18,Too Many Requests. Rate limited. Try after a while.
MSTU,2026-05-18,Too Many Requests. Rate limited. Try after a while.
HYG,2026-05-18,Too Many Requests. Rate limited. Try after a while.
QQQ,2026-05-18,Too Many Requests. Rate limited. Try after a while.
TLT,2026-05-18,Too Many Requests. Rate limited. Try after a while.
MSTZ,2026-05-18,Too Many Requests. Rate limited. Try after a while.
FXI,2026-05-18,Too Many Requests. Rate limited. Try after a while.
XLF,2026-05-18,Too Many Requests. Rate limited. Try after a while.
AMDL,2026-05-18,Too Many Requests. Rate limited. Try after a while.
IBIT,2026-05-18,Too Many Requests. Rate limited. Try after a while.
LQD,2026-05-18,Too Many Requests. Rate limited. Try after a while.
EWZ,2026-05-18,Too Many Requests. Rate limited. Try after a while.
NVDQ,2026-05-18,Too Many Requests. Rate limited. Try after a while.
NVDX,2026-05-18,Too Many Requests. Rate limited. Try after a while.
NVDL,2026-05-18,Too Many Requests. Rate limited. Try after a while.
SMST,2026-05-18,Too Many Requests. Rate limited. Try after a while.
TSLQ,2026-05-18,Too Many Requests. Rate limited. Try after a while.
KWEB,2026-05-18,Too Many Requests. Rate limited. Try after a while.
SAP,2026-05-18,Too Many Requests. Rate limited. Try after a while.
ALV,2026-05-18,Too Many Requests. Rate limited. Try after a while.
DTE,2026-05-18,Too Many Requests. Rate limited. Try after a while.
ENR,2026-05-18,Too Many Requests. Rate limited. Try after a while.
MBG,2026-05-18,Too Many Requests. Rate limited. Try after a while.
DB,2026-05-18,Too Many Requests. Rate limited. Try after a while.
HEI,2026-05-18,Too Many Requests. Rate limited. Try after a while.
RW,2026-05-18,Too Many Requests. Rate limited. Try after a while.
CBK,2026-05-18,Too Many Requests. Rate limited. Try after a while.
DTG,2026-05-18,Too Many Requests. Rate limited. Try after a while.
TLX,2026-05-18,Too Many Requests. Rate limited. Try after a while.
CON,2026-05-18,Too Many Requests. Rate limited. Try after a while.
NEM,2026-05-18,Too Many Requests. Rate limited. Try after a while.
FRA,2026-05-18,Too Many Requests. Rate limited. Try after a while.
BN,2026-05-18,Too Many Requests. Rate limited. Try after a while.
AM,2026-05-18,Too Many Requests. Rate limited. Try after a while.
GBF,2026-05-18,Too Many Requests. Rate limited. Try after a while.
GIL,2026-05-18,Too Many Requests. Rate limited. Try after a while.
SPG,2026-05-18,Too Many Requests. Rate limited. Try after a while.
CNDL,2026-05-18,Too Many Requests. Rate limited. Try after a while.
BOSSY,2026-05-18,Too Many Requests. Rate limited. Try after a while.
ASML,2026-05-18,Too Many Requests. Rate limited. Try after a while.
UMI,2026-05-18,Too Many Requests. Rate limited. Try after a while.
MT,2026-05-18,Too Many Requests. Rate limited. Try after a while.
NNN,2026-05-18,Too Many Requests. Rate limited. Try after a while.
SAN,2026-05-18,Too Many Requests. Rate limited. Try after a while.
FER,2026-05-18,Too Many Requests. Rate limited. Try after a while.
BBVA,2026-05-18,Too Many Requests. Rate limited. Try after a while.
AMS,2026-05-18,Too Many Requests. Rate limited. Try after a while.
BKT,2026-05-18,Too Many Requests. Rate limited. Try after a while.
IDR,2026-05-18,Too Many Requests. Rate limited. Try after a while.
GRF,2026-05-18,Too Many Requests. Rate limited. Try after a while.
ZS,2026-05-18,Too Many Requests. Rate limited. Try after a while.
NET,2026-05-18,Too Many Requests. Rate limited. Try after a while.
OKTA,2026-05-18,Too Many Requests. Rate limited. Try after a while.
SHOP,2026-05-18,Too Many Requests. Rate limited. Try after a while.
MELI,2026-05-18,Too Many Requests. Rate limited. Try after a while.
SPOT,2026-05-18,Too Many Requests. Rate limited. Try after a while.
RDDT,2026-05-18,Too Many Requests. Rate limited. Try after a while.
EPD,2026-05-18,Too Many Requests. Rate limited. Try after a while.
MPLX,2026-05-18,Too Many Requests. Rate limited. Try after a while.
KNTK,2026-05-18,Too Many Requests. Rate limited. Try after a while.
NOV,2026-05-18,Too Many Requests. Rate limited. Try after a while.
WTRG,2026-05-18,Too Many Requests. Rate limited. Try after a while.
OGS,2026-05-18,Too Many Requests. Rate limited. Try after a while.
AWR,2026-05-18,Too Many Requests. Rate limited. Try after a while.
RPM,2026-05-18,Too Many Requests. Rate limited. Try after a while.
FMC,2026-05-18,Too Many Requests. Rate limited. Try after a while.
NTR,2026-05-18,Too Many Requests. Rate limited. Try after a while.
GXO,2026-05-18,Too Many Requests. Rate limited. Try after a while.
LSTR,2026-05-18,Too Many Requests. Rate limited. Try after a while.
XPO,2026-05-18,Too Many Requests. Rate limited. Try after a while.
SAIA,2026-05-18,Too Many Requests. Rate limited. Try after a while.
WPP,2026-05-18,Too Many Requests. Rate limited. Try after a while.
PUBGY,2026-05-18,Too Many Requests. Rate limited. Try after a while.
BURL,2026-05-18,Too Many Requests. Rate limited. Try after a while.
AAP,2026-05-18,Too Many Requests. Rate limited. Try after a while.
RACE,2026-05-18,Too Many Requests. Rate limited. Try after a while.
QSR,2026-05-18,Too Many Requests. Rate limited. Try after a while.
ARES,2026-05-18,Too Many Requests. Rate limited. Try after a while.
OWL,2026-05-18,Too Many Requests. Rate limited. Try after a while.
COIN,2026-05-18,Too Many Requests. Rate limited. Try after a while.
TRU,2026-05-18,Too Many Requests. Rate limited. Try after a while.
ILMN,2026-05-18,Too Many Requests. Rate limited. Try after a while.
ALNY,2026-05-18,Too Many Requests. Rate limited. Try after a while.
VEEV,2026-05-18,Too Many Requests. Rate limited. Try after a while.
CIEN,2026-05-18,Too Many Requests. Rate limited. Try after a while.
PSTG,2026-05-18,Too Many Requests. Rate limited. Try after a while.
RBLX,2026-05-18,Too Many Requests. Rate limited. Try after a while.
