ticker,Index,marketCap,trailingPE,forwardPE,beta,trailingEps,industry,sector,fullTimeEmployees,country,ebitda,totalDebt,totalRevenue,grossProfits,freeCashflow,shortName,trailingPegRatio
MMM,0,77519585280,17.937733,18.23291,1.083,8.03,Conglomerates,Industrials,61500,United States,5328000000,14133999616,24512999424,10101999616,374500000,3M Company,3.3685
AOS,0,9103501312,17.893854,15.739556,1.213,3.58,Specialty Industrial Machinery,Industrials,12700,United States,768899968,295800000,3803200000,1446800000,344950016,A.O. Smith Corporation,1.72
ABT,0,237897023488,17.757793,26.499031,0.737,7.7,Medical Devices,Healthcare,114000,United States,11020999680,13290000384,42344001536,23708000256,6032374784,Abbott Laboratories,
ABBV,0,338919161856,81.64681,15.817806,0.491,2.35,Drug Manufacturers - General,Healthcare,55000,United States,27366000640,70024003584,57366999040,40739000320,16941375488,AbbVie Inc.,0.4114
ACN,0,198293733376,26.13449,22.512438,1.327,12.12,Information Technology Services,Technology,801000,Ireland,11472501760,8060329984,67221491712,21633724416,8601244672,Accenture plc,2.486
ADBE,0,166431096832,25.032051,19.002434,1.545,15.6,Software - Application,Technology,30709,United States,8664999936,6562999808,22037000192,19647000576,8357374976,Adobe Inc.,1.3516
AMD,0,190263197696,85.65328,23.008823,1.993,1.37,Semiconductors,Technology,28000,United States,5878000128,4730999808,27750000640,14867999744,3355624960,"Advanced Micro Devices, Inc.",0.6049
AES,0,7934382080,6.0570655,5.490148,0.939,1.84,Utilities - Diversified,Utilities,9100,United States,3119000064,31181000704,12119000064,2136000000,-5762250240,The AES Corporation,
AFL,0,55578308608,15.987559,14.337518,0.807,6.43,Insurance - Life,Financial Services,12694,United States,4632249856,11196999680,16888999936,7669000192,5280000000,AFLAC Incorporated,
A,0,33656020992,29.25432,20.969912,1.232,4.05,Diagnostics & Research,Healthcare,18000,United States,1835000064,3684000000,6627999744,3551000064,1048374976,"Agilent Technologies, Inc.",1.9304
APD,0,62933221376,40.74784,19.956951,0.873,6.94,Specialty Chemicals,Basic Materials,21850,United States,4304699904,16532400128,12020700160,3840300032,-3988649984,"Air Products and Chemicals, Inc",6.878
ABNB,0,83968737280,34.529186,30.232222,1.144,3.94,Travel Services,Consumer Cyclical,7300,United States,2532000000,2280000000,11232000000,9328000000,3194249984,"Airbnb, Inc.",2.1548
AKAM,0,11107901440,26.18792,11.682635,0.769,2.98,Software - Infrastructure,Technology,10811,United States,1124982016,4618776064,4019336960,2374341888,514483488,"Akamai Technologies, Inc.",1.0952
ALB,0,7215560704,,33.328804,1.614,-11.12,Specialty Chemicals,Basic Materials,8300,United States,191592992,3673838080,5093670912,200200000,-349651872,Albemarle Corporation,
ARE,0,12526133248,95.27632,21.04942,1.267,0.76,REIT - Office,Real Estate,552,United States,1971954944,13462246400,3111841024,2194494976,1259089792,Alexandria Real Estate Equities,
ALGN,0,13157078016,32.94283,17.69152,1.64,5.51,Medical Instruments & Supplies,Healthcare,21200,United States,810150976,118535000,3980843008,2787459072,630043904,"Align Technology, Inc.",0.9825
ALLE,0,11807253504,19.298874,17.614248,1.035,7.11,Security & Protection Services,Industrials,14400,Ireland,922300032,2147399936,3820199936,1699600000,520400000,Allegion plc,2.1911
LNT,0,15756773376,21.151724,18.990711,0.576,2.9,Utilities - Regulated Electric,Utilities,2998,United States,1759000064,10629000192,4078000128,1896000000,-1070000000,Alliant Energy Corporation,1.9621
ALL,0,53114548224,13.700137,10.539674,0.345,14.64,Insurance - Property & Casualty,Financial Services,55000,United States,6040999936,8087000064,65299001344,14785000448,4154874880,Allstate Corporation (The),2.0888
GOOGL,0,2154833379328,19.754465,19.754465,1.014,8.96,Internet Content & Information,Communication Services,185719,United States,135705001984,28497999872,359713013760,210757992448,60679000064,Alphabet Inc.,1.3466
GOOG,0,2153867771904,19.910614,19.910614,1.014,8.95,Internet Content & Information,Communication Services,185719,United States,135705001984,28497999872,359713013760,210757992448,60679000064,Alphabet Inc.,1.3563
MO,0,100780646400,10.03859,11.183178,0.643,5.96,Tobacco,Consumer Defensive,14654,United States,12382999552,26058999808,20245999616,14343999488,4378625024,"Altria Group, Inc.",
AMZN,0,2269686530048,34.819317,34.7627,1.334,6.14,Internet Retail,Consumer Cyclical,1560000,United States,126144004096,157952999424,650313007104,319681986560,39273500672,"Amazon.com, Inc.",2.3596
AMCR,0,21057413120,16.410713,11.632911,0.733,0.56,Packaging & Containers,Consumer Cyclical,41000,Switzerland,1899000064,9315999744,13461999616,2692999936,658000000,Amcor plc,1.8172
AEE,0,26120286208,21.362528,19.582317,0.505,4.51,Utilities - Regulated Electric,Utilities,8981,United States,3268000000,19623000064,7596000256,3727000064,-2507375104,Ameren Corporation,2.4208
AEP,0,54995374080,19.874517,17.478777,0.41,5.18,Utilities - Regulated Electric,Utilities,16330,United States,7971500032,46930198528,20159000576,9501800448,-2700450048,American Electric Power Company,2.4192
AXP,0,204162154496,20.33601,19.27348,1.254,14.33,Credit Services,Financial Services,75100,United States,,53153001472,62049001472,39907000320,,American Express Company,2.0108
AIG,0,49192648704,20.818295,12.720567,0.658,4.1,Insurance - Diversified,Financial Services,22200,United States,7714999808,8753000448,27047000064,8787000320,19411625984,"American International Group, I",
AMT,0,101316763648,35.02023,31.87408,0.828,6.18,REIT - Specialty,Real Estate,4691,United States,6680600064,44383600640,10177399808,7587400192,4535612416,American Tower Corporation (REI,54.0735
AWK,0,27631251456,25.85584,24.857897,0.698,5.48,Utilities - Regulated Water,Utilities,6700,United States,2601999872,14508999680,4815000064,2904999936,-1206125056,"American Water Works Company, I",3.6634
AMP,0,48314097664,17.234375,13.134352,1.227,29.44,Asset Management,Financial Services,13600,United States,,4028000000,18082000896,10238000128,3326500096,"Ameriprise Financial, Inc.",2.0558
AME,0,41184198656,29.14706,24.435616,1.11,6.12,Specialty Industrial Machinery,Industrials,21500,United States,2180838912,2169606912,6936970752,2480768000,1462736512,"AMETEK, Inc.",2.8947
AMGN,0,159763202048,27.084776,14.374455,0.496,10.97,Drug Manufacturers - General,Healthcare,28000,United States,15726000128,57380999168,34126000128,23569999872,13090124800,Amgen Inc.,0.9897
APH,0,113085497344,45.383495,43.282406,1.131,2.06,Electronic Components,Technology,125000,United States,4452499968,7166900224,16777400320,5773799936,1426462464,Amphenol Corporation,2.3843
ADI,0,113025441792,61.723576,30.206896,1.0,3.69,Semiconductors,Technology,24000,United States,4371051008,7219018240,9818655744,5769280000,2982311936,"Analog Devices, Inc.",1.5513
ANSS,0,30029062144,50.7526,31.02316,1.189,6.73,Software - Application,Technology,6600,United States,878038976,860905024,2583095040,2388879104,772483648,"ANSYS, Inc.",2.2516
AON,0,76682452992,30.718855,20.420357,0.864,11.56,Insurance Brokers,Financial Services,60000,Ireland,5248000000,18510000128,16357000192,7647000064,3189374976,Aon plc,1.7276
APA,0,7411756544,7.3620076,7.4690914,1.246,2.79,Oil & Gas E&P,Energy,2305,United States,5967000064,5490999808,10147999744,6829000192,2278000128,APA Corporation,
APO,0,75920121856,23.184118,15.665685,1.571,5.73,Asset Management,Financial Services,5141,United States,,29268000768,24387000320,10789000192,,"Apollo Global Management, Inc. ",
AAPL,0,2946683895808,30.778471,23.741274,1.211,6.41,Consumer Electronics,Technology,164000,United States,138865999872,98186002432,400366010368,186699005952,97251500032,Apple Inc.,1.8086
AMAT,0,138916413440,21.033415,17.864294,1.664,8.23,Semiconductor Equipment & Materials,Technology,36000,United States,8744999936,6670000128,28088999936,13521000448,3740875008,"Applied Materials, Inc.",1.8857
APTV,0,14807818240,11.112745,9.743553,1.473,6.12,Auto Parts,Consumer Cyclical,141000,Switzerland,3104999936,8439000064,19637000192,3780000000,1634625024,Aptiv PLC,0.9598
ACGL,0,34308823040,9.389744,10.127213,0.516,9.75,Insurance - Diversified,Financial Services,7200,Bermuda,4457999872,2728000000,18172000256,6162999808,7810124800,Arch Capital Group Ltd.,
ADM,0,25020153856,18.336796,10.271499,0.656,2.84,Farm Products,Consumer Defensive,42383,United States,2609999872,12423000064,83857997824,5298999808,95125000,Archer-Daniels-Midland Company,
ANET,0,118031368192,39.65401,9.658788,1.379,2.37,Computer Hardware,Technology,4412,United States,3186673920,0,7436546048,4766003200,3057000960,"Arista Networks, Inc.",2.5778
AJG,0,81678344192,49.302937,28.279255,0.75,6.47,Insurance Brokers,Financial Services,53714,United States,3720999936,13422900224,11243499520,4909100032,2389237504,Arthur J. Gallagher & Co.,1.2958
AIZ,0,10103447552,15.531567,11.119978,0.603,12.83,Insurance - Property & Casualty,Financial Services,14200,United States,1160099968,2083699968,12071400448,1205200000,1277987456,"Assurant, Inc.",
T,0,203384897536,17.328222,12.609375,0.604,1.63,Telecom Services,Communication Services,139970,United States,44259000320,145288003584,122934001664,73633996800,14413375488,AT&T Inc.,1.1492
ATO,0,24414834688,21.497902,21.528013,0.703,7.15,Utilities - Regulated Gas,Utilities,5260,United States,2189750016,8506464256,4485993984,2608951040,-1614407040,Atmos Energy Corporation,2.4015
ADSK,0,63152279552,63.34335,32.154682,1.449,4.66,Software - Application,Technology,15300,United States,1499000064,2544000000,6346999808,5839000064,2230500096,"Autodesk, Inc.",1.7708
ADP,0,125206904832,31.506628,28.376255,0.798,9.79,Software - Application,Technology,64000,United States,5949100032,4366700032,20202600448,9766200320,2908587520,"Automatic Data Processing, Inc.",3.3515
AZO,0,60981895168,24.686007,20.91768,0.401,147.71,Auto Parts,Consumer Cyclical,75600,United States,4299864064,12281261056,18901370880,10007842816,,"AutoZone, Inc.",1.8992
AVB,0,29347026944,25.638681,37.208485,0.872,8.04,REIT - Residential,Real Estate,2928,United States,1825577984,8477019136,2988731904,1902109952,1227122816,"AvalonBay Communities, Inc.",7.1669
AVY,0,13873823744,20.398851,16.869772,0.89,8.7,Packaging & Containers,Consumer Cyclical,35000,United States,1428700032,3459099904,8752700416,2520000000,579662528,Avery Dennison Corporation,2.1841
AXON,0,61148844032,187.46109,126.687416,1.285,4.19,Aerospace & Defense,Industrials,4100,United States,113022000,2046727936,2226288128,1349100032,483596640,"Axon Enterprise, Inc.",
BKR,0,38530269184,13.273037,15.132296,0.9,2.93,Oil & Gas Equipment & Services,Energy,57000,United States,4622000128,6024000000,27837999104,5945999872,1716875008,Baker Hughes Company,4.1468
BALL,0,15174763520,31.079546,15.495751,1.083,1.76,Packaging & Containers,Consumer Cyclical,16000,United States,1886000000,7062000128,12017999872,2454000128,251750000,Ball Corporation,
BAC,0,334114193408,13.241792,12.120218,1.307,3.35,Banks - Diversified,Financial Services,213000,United States,,773838995456,97452998656,97452998656,,Bank of America Corporation,1.679
BAX,0,16005928960,,10.829861,0.613,-0.52,Medical Instruments & Supplies,Healthcare,38000,United States,1955000064,10309000192,10771000320,4224000000,1701500032,Baxter International Inc.,
BDX,0,50206384128,33.948647,11.136364,0.279,5.16,Medical Instruments & Supplies,Healthcare,70000,United States,5573000192,19270000640,20867000320,9665999872,3501750016,"Becton, Dickinson and Company",0.7605
BRK.B,0,,,,,,,,,,,,,,,,
BBY,0,14889396224,17.182926,10.299706,1.27,4.1,Specialty Retail,Consumer Cyclical,85000,United States,2592999936,4059000064,41448001536,9370000384,1394499968,"Best Buy Co., Inc.",1.7539
TECH,0,8029606400,61.710846,23.388128,1.381,0.83,Biotechnology,Healthcare,3100,United States,288959008,423499008,1208770048,801673024,244408752,Bio-Techne Corp,1.4098
BIIB,0,19306528768,13.019762,7.9087634,0.149,10.12,Drug Manufacturers - General,Healthcare,7605,United States,3080900096,6621199872,9816399872,7426200064,3428212480,Biogen Inc.,
BLK,0,152228741120,23.843485,20.012018,1.423,41.21,Asset Management,Financial Services,22600,United States,8415000064,14259000320,20955000832,10352000000,5569375232,"BlackRock, Inc.",2.1065
BX,0,168002027520,42.08967,23.752146,1.641,3.29,Asset Management,Financial Services,4895,United States,,14521400320,12372734976,12372734976,,Blackstone Inc.,2.4934
BK,0,63995568128,14.592169,13.698315,1.075,6.13,Banks - Diversified,Financial Services,51000,United States,,72580997120,18823000064,18823000064,,The Bank of New York Mellon Cor,1.1779
BA,0,151826644992,,428.42554,1.418,-17.95,Aerospace & Defense,Industrials,172000,United States,-7688000000,55878000640,69444001792,-1244000000,-7940499968,Boeing Company (The),
BKNG,0,174280474624,33.35306,25.522205,1.414,160.58,Travel Services,Consumer Cyclical,24500,United States,8499999744,16760999936,24085999616,20864999424,7502374912,Booking Holdings Inc. Common St,1.5633
BSX,0,148817870848,73.423355,36.053764,0.688,1.37,Medical Devices,Healthcare,53000,United States,4536000000,11708000256,17553999872,12016000000,2315000064,Boston Scientific Corporation,2.4279
BMY,0,102191538176,18.73694,7.1429586,0.386,2.68,Drug Manufacturers - General,Healthcare,34100,United States,19174000640,51271000064,47636000768,35578998784,13926124544,Bristol-Myers Squibb Company,
AVGO,0,1185650704384,92.0,40.855755,1.122,2.74,Semiconductors,Technology,37000,United States,31113000960,40456998912,57045999616,43945000960,26148749312,Broadcom Inc.,1.5031
BR,0,28115943424,36.048195,25.599998,0.969,6.64,Information Technology Services,Technology,14000,United States,1684600064,3640600064,6768000000,2119200000,1226525056,"Broadridge Financial Solutions,",1.7082
BRO,0,30894069760,30.018106,26.34841,0.839,3.59,Insurance Brokers,Financial Services,17403,United States,1667000064,4038000128,4860000256,2401999872,1039500032,"Brown & Brown, Inc.",
BF.B,0,,,,,,,,,,,,,,,,
BLDR,0,12505324544,14.5070505,9.712875,1.7,7.8,Building Products & Equipment,Industrials,29000,United States,1972672000,5109225984,16166635520,5198431232,1073425152,"Builders FirstSource, Inc.",
BG,0,11047417856,10.551348,8.838172,0.656,7.79,Farm Products,Consumer Defensive,23000,United States,1790000000,7661000192,51334000640,3056000000,-1116625024,Bunge Limited,
BXP,0,12838611968,,38.84492,1.186,-0.03,REIT - Office,Real Estate,816,United States,1891934976,16439787520,3397133056,2054183936,1055764864,"BXP, Inc.",0.3791
CHRW,0,11192770560,22.498806,19.80462,0.908,4.19,Integrated Freight & Logistics,Industrials,13347,United States,803630976,1728790016,17359384576,1371773056,553985856,"C.H. Robinson Worldwide, Inc.",2.2293
CDNS,0,83119448064,77.26396,44.44088,0.984,3.94,Software - Application,Technology,12837,United States,1710598016,2477158912,4874527232,4185089024,1264132736,"Cadence Design Systems, Inc.",3.5198
CZR,0,5498674176,,19.731342,2.309,-1.1,Resorts & Casinos,Consumer Cyclical,50000,United States,3628000000,25965000704,11297000448,5841999872,21125000,"Caesars Entertainment, Inc.",
CPT,0,12458912768,106.98624,71.984566,0.802,1.09,REIT - Residential,Real Estate,1660,United States,886947968,3738170880,1562268032,961328000,687080000,Camden Property Trust,
CPB,0,9938162688,22.223333,9.77566,0.108,1.5,Packaged Foods,Consumer Defensive,14400,United States,1855000064,7264999936,10225000448,3131000064,681625024,The Campbell's Company,0.5705
COF,0,124850593792,16.389664,12.454471,1.132,11.9,Credit Services,Financial Services,53900,United States,,45076000768,28308000768,28308000768,,Capital One Financial Corporati,1.4673
CAH,0,38777851904,25.425665,18.804398,0.677,6.39,Medical Distribution,Healthcare,47922,United States,3164999936,7679000064,222286004224,7848000000,3518749952,"Cardinal Health, Inc.",0.844
KMX,0,10051825664,20.556074,17.502653,1.382,3.21,Auto & Truck Dealerships,Consumer Cyclical,30048,United States,1083725952,19426207744,28207319040,3479650048,354984000,CarMax Inc,0.8244
CCL,0,30694354944,14.61613,13.171512,2.583,1.55,Travel Services,Consumer Cyclical,115000,United States,6383000064,28394999808,25423998976,13731999744,951500032,Carnival Corporation,
CARR,0,61632016384,47.926666,23.648026,1.326,1.5,Building Products & Equipment,Industrials,48000,United States,3232000000,11621000192,22283999232,5966000128,4930124800,Carrier Global Corporation,40.2667
CAT,0,169059434496,17.534634,16.228443,1.368,20.5,Farm & Heavy Construction Machinery,Industrials,112900,United States,14789999616,38587998208,63259000832,20144001024,6817750016,"Caterpillar, Inc.",1.9137
CBOE,0,23671420928,29.627785,24.62527,0.428,7.63,Financial Data & Stock Exchanges,Financial Services,1685,United States,1369600000,1603600000,4332299776,2135500032,813524992,"Cboe Global Markets, Inc.",
CBRE,0,39981838336,41.01529,22.353333,1.29,3.27,Real Estate Services,Real Estate,140000,United States,2256000000,9041999872,36742000640,7205000192,1163250048,CBRE Group Inc,0.9628
CDW,0,22803892224,21.458488,17.11166,0.943,8.07,Information Technology Services,Technology,15100,United States,1985799936,6337299968,21325099008,4661400064,957524992,CDW Corporation,
COR,0,57377423360,34.26273,18.094742,0.571,8.64,Medical Distribution,Healthcare,42000,United States,4311264256,9765555200,310232186880,10221025280,3878175488,"Cencora, Inc.",0.8228
CNC,0,27567206400,8.171091,7.8693185,0.457,6.78,Healthcare Plans,Healthcare,60400,United States,6483999744,18319998976,153265995776,21987999744,2509374976,Centene Corporation,0.5749
CNP,0,23883317248,24.722973,21.028736,0.576,1.48,Utilities - Regulated Electric,Utilities,8872,United States,3361999872,22186999808,8942999552,4036999936,-1248875008,"CenterPoint Energy, Inc (Holdin",2.4449
CF,0,16136196096,13.174603,16.116505,0.955,7.56,Agricultural Inputs,Basic Materials,2800,United States,2784999936,3296000000,6128999936,2219000064,1633874944,"CF Industries Holdings, Inc.",0.6449
CRL,0,7457482752,,14.769942,1.481,-0.61,Diagnostics & Research,Healthcare,18700,United States,888742016,2989334016,4022597120,1395276032,625616896,Charles River Laboratories Inte,0.131
SCHW,0,159711657984,26.636364,23.13158,0.933,3.3,Capital Markets,Financial Services,32100,United States,,54559997952,20465000448,19861999616,,Charles Schwab Corporation (The,1.107
CHTR,0,54224498688,10.952846,10.971213,1.081,35.84,Telecom Services,Communication Services,94500,United States,22151999488,95557001216,55140999168,30293999616,3570749952,"Charter Communications, Inc.",0.4214
CVX,0,250705641472,16.521688,13.109601,0.801,8.76,Oil & Gas Integrated,Energy,45298,United States,38499999744,29681000448,195112992768,75975000064,13518749696,Chevron Corporation,3.9333
CMG,0,68075364352,44.71239,38.568707,1.061,1.13,Restaurants,Consumer Cyclical,130504,United States,2342904064,4633078784,11487257600,4627334144,1160955648,"Chipotle Mexican Grill, Inc.",2.1909
CB,0,115277168640,13.849543,12.183608,0.555,20.77,Insurance - Property & Casualty,Financial Services,43000,Switzerland,10869000192,21137000448,56306999296,15146999808,11917375488,Chubb Limited,2.4728
CHD,0,24249663488,42.259655,26.398123,0.515,2.33,Household & Personal Products,Consumer Defensive,5750,United States,1365400064,2404600064,6070900224,2762700032,764049984,"Church & Dwight Company, Inc.",2.3658
CI,0,84824580096,17.699274,10.13809,0.45,17.94,Healthcare Plans,Healthcare,71295,United States,11470999552,30448001024,255368003584,26186000384,7582125056,The Cigna Group,0.6119
CINF,0,23101730816,16.100218,20.163712,0.786,9.18,Insurance - Property & Casualty,Financial Services,5624,United States,1972999936,878000000,10968000512,1963000064,1229624960,Cincinnati Financial Corporatio,
CTAS,0,90631208960,52.077263,47.960045,1.065,4.31,Specialty Business Services,Industrials,46500,United States,2664393984,2691842048,10143464448,5063624192,1619095040,Cintas Corporation,3.9878
CSCO,0,255598198784,26.344896,16.55,0.882,2.45,Communication Equipment,Technology,90400,United States,14741999616,30744999936,55623000064,36290998272,11596375040,"Cisco Systems, Inc.",2.1689
C,0,143749840896,12.158768,10.70445,1.31,6.33,Banks - Diversified,Financial Services,229000,United States,,801248968704,71819001856,71819001856,,"Citigroup, Inc.",1.1569
CFG,0,17686374400,12.9476185,10.53876,1.074,3.15,Banks - Regional,Financial Services,17315,United States,,13196999680,7116000256,7116000256,,"Citizens Financial Group, Inc.",
CLX,0,15426961408,22.471273,17.16941,0.533,5.57,Household & Personal Products,Consumer Defensive,7400,United States,1260999936,2944000000,7018999808,3164000000,1120875008,Clorox Company (The),0.5708
CME,0,97431199744,27.200462,26.072575,0.476,9.94,Financial Data & Stock Exchanges,Financial Services,3760,United States,4419100160,3796499968,6274100224,6274100224,2680800000,CME Group Inc.,8.2653
CMS,0,21103198208,20.872782,19.706705,0.379,3.38,Utilities - Regulated Electric,Utilities,8324,United States,2801999872,16965999616,7785999872,3318000128,-1015124992,CMS Energy Corporation,2.8679
KO,0,308099645440,28.746988,24.101011,0.464,2.49,Beverages - Non-Alcoholic,Consumer Defensive,69700,United States,15388000256,49970999296,46890000384,28637999104,4730375168,Coca-Cola Company (The),4.4699
CTSH,0,39297339392,16.783157,15.975953,0.976,4.75,Information Technology Services,Technology,336300,United States,3595000064,1179000064,20091000832,6881999872,1986499968,Cognizant Technology Solutions ,1.915
CL,0,74129113088,25.912182,23.696892,0.382,3.53,Household & Personal Products,Consumer Defensive,34000,United States,4861000192,8269000192,19946999808,12129000448,2880124928,Colgate-Palmolive Company,2.019
CMCSA,0,131892961280,8.700739,8.065068,0.948,4.06,Telecom Services,Communication Services,182000,United States,38270001152,99122003968,123560001536,86941999104,9956500480,Comcast Corporation,1.6481
CAG,0,10539675648,32.469116,8.207807,0.137,0.68,Packaged Foods,Consumer Defensive,18500,United States,2138700032,8145099776,11736899584,3129900032,1283399936,"ConAgra Brands, Inc.",0.3083
COP,0,120692711424,12.117238,11.905978,0.62,7.89,Oil & Gas E&P,Energy,11800,United States,25586999296,23783999488,59090001920,28981999616,8659749888,ConocoPhillips,
ED,0,37557256192,19.268023,18.548042,0.259,5.41,Utilities - Regulated Electric,Utilities,15097,United States,5599000064,26215999488,15774000128,8415000064,-879875008,"Consolidated Edison, Inc.",3.5632
STZ,0,29709815808,,10.999671,0.696,-0.46,Beverages - Brewers,Consumer Defensive,10600,United States,3956999936,12113500160,10208700416,5335499776,1076337536,"Constellation Brands, Inc.",1.179
CEG,0,93413933056,31.406744,33.301674,1.163,9.49,Utilities - Renewable,Utilities,14215,United States,6545999872,8358000128,24195000320,5591000064,3761374976,Constellation Energy Corporatio,
COO,0,14065666048,34.057972,17.279411,0.986,2.07,Medical Instruments & Supplies,Healthcare,16000,United States,1123500032,2859599872,3988199936,2680000000,229675008,"The Cooper Companies, Inc.",1.1713
CPRT,0,47621599232,32.615894,28.304598,1.101,1.51,Specialty Business Services,Industrials,13086,United States,1903851008,101060000,4590859776,2136147968,873605888,"Copart, Inc.",2.4731
GLW,0,43208962048,97.01923,21.839828,1.096,0.52,Electronic Components,Technology,56300,United States,2912999936,8152999936,13594999808,4707999744,1178125056,Corning Incorporated,0.5037
CPAY,0,23926165504,23.818245,15.302525,0.964,14.25,Software - Infrastructure,Technology,11200,United States,2143904000,8243302912,4045005056,3161487104,690412480,"Corpay, Inc.",
CTVA,0,49576706048,43.780125,22.640188,0.754,1.66,Agricultural Inputs,Basic Materials,22000,United States,3328000000,4083000064,16833000448,7512000000,2847500032,"Corteva, Inc.",1.2517
CSGP,0,34259335168,290.01785,72.50446,0.873,0.28,Real Estate Services,Real Estate,6593,United States,183200000,1119600000,2812000000,2241400064,85037504,"CoStar Group, Inc.",2.0415
COST,0,440594399232,56.28895,50.482723,0.993,17.65,Discount Stores,Consumer Defensive,333000,United States,12442000384,8179999744,268775997440,34339000320,6088374784,Costco Wholesale Corporation,5.323
CTRA,0,20123375616,15.418128,11.315451,0.326,1.71,Oil & Gas E&P,Energy,915,United States,3574000128,4521999872,5801999872,4318000128,1317874944,Coterra Energy Inc.,
CRWD,0,120541315072,,113.25995,1.158,-0.72,Software - Infrastructure,Technology,10363,United States,-12793000,785398016,4136022016,3080400896,1310727424,"CrowdStrike Holdings, Inc.",5.5055
CCI,0,43014639616,,36.858208,0.9,-9.01,REIT - Specialty,Real Estate,3900,United States,3944999936,29674999808,6514999808,4672000000,1286625024,Crown Castle Inc.,2.5113
CSX,0,60618932224,19.207739,15.89606,1.236,1.68,Railroads,Industrials,23400,United States,6789000192,19725000704,14282000384,6789000192,2121124992,CSX Corporation,2.1798
CMI,0,44632621056,15.960591,14.387211,1.028,20.3,Specialty Industrial Machinery,Industrials,69600,United States,5036000256,8114999808,33873000448,8664999936,-424875008,Cummins Inc.,2.5999
CVS,0,85021999104,16.040573,10.371913,0.561,4.19,Healthcare Plans,Healthcare,219000,United States,13946999808,81212997632,376741003264,51016998912,6530874880,CVS Health Corporation,0.6967
DHR,0,145803444224,39.40619,24.311455,0.799,5.17,Diagnostics & Research,Healthcare,61000,United States,7464000000,17577000960,23819999232,14245000192,4234749952,Danaher Corporation,2.0139
DRI,0,25478316032,24.489876,20.61695,0.745,8.89,Restaurants,Consumer Cyclical,191105,United States,1855299968,7882999808,11762299904,2534500096,765237504,"Darden Restaurants, Inc.",2.1362
DVA,0,10369921024,13.612104,12.174801,1.109,10.08,Medical Care Facilities,Healthcare,76000,United States,2659367936,12320337920,12968523776,4209318912,1583755776,DaVita Inc.,1.8753
DAY,0,9299478528,363.53125,26.319004,1.117,0.16,Software - Application,Technology,9600,United States,233500000,1231200000,1810300032,911400000,267812496,"Dayforce, Inc.",
DECK,0,15792396288,16.695103,16.616352,1.016,6.33,Footwear & Accessories,Consumer Cyclical,5500,United States,1252734976,276975008,4985611776,2885662976,780141632,Deckers Outdoor Corporation,1.9402
DE,0,139593711616,24.93638,23.24921,1.102,20.67,Farm & Heavy Construction Machinery,Industrials,35200,United States,9306000384,67107999744,45383999488,12805000192,4988000256,Deere & Company,1.9455
DELL,0,75403149312,17.409874,11.816489,1.087,6.38,Computer Hardware,Technology,108000,United States,9904000000,29625999360,96700997632,21492000768,1892875008,Dell Technologies Inc.,0.8675
DAL,0,31335217152,8.508865,6.8361826,1.508,5.64,Airlines,Industrials,100000,United States,7950000128,23380000768,61935001600,13333000192,1395000064,"Delta Air Lines, Inc.",
DVN,0,22385850368,7.9415717,7.816928,1.063,4.39,Oil & Gas E&P,Energy,2300,United States,7759000064,9006999552,15943000064,8360999936,-1608749952,Devon Energy Corporation,
DXCM,0,32493907968,62.30827,40.822662,1.461,1.33,Medical Devices,Healthcare,10200,United States,857800000,2583200000,4148000000,2465299968,509037504,"DexCom, Inc.",1.2793
FANG,0,44659339264,9.505908,10.440915,1.036,16.08,Oil & Gas E&P,Energy,1983,United States,9171999744,14023000064,12286000128,9271000064,2043000064,"Diamondback Energy, Inc.",
DLR,0,59730587648,164.21709,143.85959,0.975,1.06,REIT - Specialty,Real Estate,3936,United States,2488730112,18438764544,5519691776,2988041984,1393827072,"Digital Realty Trust, Inc.",6.1594
DFS,0,50343182336,10.686432,12.082167,1.146,18.72,Credit Services,Financial Services,21000,United States,,14538000384,13342999552,12590999552,,Discover Financial Services,
DG,0,24691965952,21.371428,18.038586,0.266,5.25,Discount Stores,Consumer Defensive,194200,United States,2962992896,17018013696,41134264320,12256635904,1635128448,Dollar General Corporation,1.8483
DLTR,0,19899162624,18.806705,15.7343235,0.845,5.07,Discount Stores,Consumer Defensive,64434,United States,2075299968,7907400192,18049300480,6467299840,1202599936,"Dollar Tree, Inc.",
D,0,47628374016,21.563707,16.523668,0.557,2.59,Utilities - Regulated Electric,Utilities,14700,United States,7336000000,44607000576,14903000064,7258999808,-2503249920,"Dominion Energy, Inc.",2.094
DPZ,0,15672505344,26.229511,25.946995,1.122,17.45,Restaurants,Consumer Cyclical,6400,United States,935030976,5299667968,4733825024,1346251008,474226624,Domino's Pizza Inc,2.6303
DASH,0,93134692352,281.78204,123.47752,1.669,0.78,Internet Retail,Consumer Cyclical,23700,United States,530000000,527000000,11240999936,5648000000,1858125056,"DoorDash, Inc.",1.1014
DOV,0,24457981952,23.69057,18.957493,1.268,7.53,Specialty Industrial Machinery,Industrials,24000,United States,1666148992,2972802048,7728248832,3035323904,922395776,Dover Corporation,2.2787
DOW,0,21382576128,75.625,9.726688,0.878,0.4,Chemicals,Basic Materials,36000,United States,4520999936,17920999424,42630000640,4075000064,-592000000,Dow Inc.,1.4
DHI,0,38291644416,9.450721,7.8251724,1.37,13.19,Residential Construction,Consumer Cyclical,14766,United States,5640000000,6611999744,35315298304,8541799936,1288112512,"D.R. Horton, Inc.",1.4893
DTE,0,28117379072,18.310135,18.792648,0.453,7.4,Utilities - Regulated Electric,Utilities,4750,United States,3460999936,23437000704,13656999936,4489999872,-1550125056,DTE Energy Company,3.2574
DUK,0,91055661056,19.42786,18.477919,0.358,6.03,Utilities - Regulated Electric,Utilities,26413,United States,14897999872,87480999936,30512001024,15747999744,-2420750080,Duke Energy Corporation (Holdin,2.9526
DD,0,28330291200,2256.5,15.420274,1.03,0.03,Specialty Chemicals,Basic Materials,24000,United States,3177999872,7704999936,12520999936,4640000000,1773874944,"DuPont de Nemours, Inc.",0.6381
EMN,0,8965469184,9.89172,8.925288,1.264,7.85,Specialty Chemicals,Basic Materials,14000,United States,1923000064,5112000000,9361999872,2332000000,532375008,Eastman Chemical Company,2.0031
ETN,0,128119447552,33.039356,27.171785,1.143,9.91,Specialty Industrial Machinery,Industrials,94443,Ireland,5792000000,10757999616,25312000000,9731999744,2571749888,"Eaton Corporation, PLC",2.7667
EBAY,0,35895140352,18.723558,14.921456,1.261,4.16,Internet Retail,Consumer Cyclical,11500,United States,2516000000,7177999872,10311999488,7408999936,3065374976,eBay Inc.,1.9619
ECL,0,76067102720,36.553406,35.7736,1.044,7.34,Specialty Chemicals,Basic Materials,48000,United States,3648699904,7000000000,15684500480,6861199872,1633100032,Ecolab Inc.,3.8037
EIX,0,18861131776,6.9335217,8.6,0.783,7.07,Utilities - Regulated Electric,Utilities,14013,United States,6406000128,39559999488,17332000768,9178000384,-1136125056,Edison International,0.5514
EW,0,44446679040,31.309916,30.926529,1.123,2.42,Medical Devices,Healthcare,15800,United States,1686000000,699400000,5522299904,4390099968,1447462528,Edwards Lifesciences Corporatio,4.2316
EA,0,37330280448,35.02706,17.451935,0.711,4.25,Electronic Gaming & Multimedia,Communication Services,14500,United States,1938000000,2217999872,7463000064,5920000000,1655750016,Electronic Arts Inc.,1.4
ELV,0,87195099136,15.028426,11.042346,0.617,25.68,Healthcare Plans,Healthcare,104200,United States,9834999808,30002999296,183124000768,50790998016,7437749760,"Elevance Health, Inc.",0.6976
EMR,0,71234994176,36.601154,20.037973,1.268,3.46,Specialty Industrial Machinery,Industrials,73000,United States,4853000192,15000000512,17607000064,9290999808,3432624896,Emerson Electric Company,1.5841
ENPH,0,5853144576,40.926605,12.188524,1.701,1.09,Solar,Technology,2781,United States,225983008,1234605056,1423128064,524371008,358479744,"Enphase Energy, Inc.",0.5385
ETR,0,36825538560,26.701134,10.659755,0.583,3.09,Utilities - Regulated Electric,Utilities,12000,United States,5390584832,30924976128,11931898880,5964610048,-2324900864,Entergy Corporation,1.5089
EOG,0,67642109952,11.475463,11.205695,0.761,10.8,Oil & Gas E&P,Energy,3150,United States,12144000000,5062000128,23478999040,14515000320,4095249920,"EOG Resources, Inc.",
EPAM,0,9833776128,24.243017,15.512065,1.718,7.16,Information Technology Services,Technology,61200,United States,690411008,158142000,4864166912,1471296000,566563904,"EPAM Systems, Inc.",2.0217
EQT,0,33846910976,92.69016,22.436905,0.655,0.61,Oil & Gas E&P,Energy,,United States,2947750912,8392782848,6155850752,4211763968,1317945600,EQT Corporation,0.5414
EFX,0,33097168896,54.38469,28.31934,1.629,4.9,Consulting Services,Industrials,15000,United States,1778300032,4964100096,5733700096,3236000000,783900032,"Equifax, Inc.",1.381
EQIX,0,87352369152,93.11783,66.7414,0.957,9.59,REIT - Specialty,Real Estate,13606,United States,3664999936,19650000896,8814000128,4353999872,3243500032,"Equinix, Inc.",3.6709
EQR,0,27024869376,26.339697,40.83432,0.919,2.62,REIT - Residential,Real Estate,2500,United States,1840765952,8151031808,3010099968,1903009024,1447674240,Equity Residential,16.101
ERIE,0,18776256512,30.50807,26.797014,0.357,11.77,Insurance Brokers,Financial Services,6715,United States,778619776,12706000,3903813120,689019008,362523872,Erie Indemnity Company,
ESS,0,19644956672,27.199331,47.259968,0.802,10.46,REIT - Residential,Real Estate,1712,United States,1182027008,6844401152,1861154048,1280050048,794400128,"Essex Property Trust, Inc.",7.327
EL,0,24767703040,,25.498741,1.117,-2.42,Household & Personal Products,Consumer Defensive,44020,United States,2151000064,9381999616,14785999872,10931000320,1570625024,"Estee Lauder Companies, Inc. (T",1.3288
EG,0,14275921920,16.942453,5.0493455,0.519,19.81,Insurance - Reinsurance,Financial Services,3037,Bermuda,,3587000064,17401999360,1147000064,4593375232,"Everest Group, Ltd.",
EVRG,0,15612826624,17.85658,16.795794,0.472,3.8,Utilities - Regulated Electric,Utilities,4731,United States,2667300096,14401999872,5890800128,3075000064,-467612512,"Evergy, Inc.",2.7865
ES,0,24067391488,28.732458,13.705021,0.648,2.28,Utilities - Regulated Electric,Utilities,10000,United States,4379497984,29434765312,12686588928,6808716800,-845830272,Eversource Energy (D/B/A),0.9894
EXC,0,43708030976,16.094795,16.461975,0.476,2.69,Utilities - Regulated Electric,Utilities,20000,United States,7647000064,48274001920,23698999296,9888000000,-1935000064,Exelon Corporation,2.1085
EXE,0,27548450816,,27.30189,0.476,-5.81,Oil & Gas E&P,Energy,1500,United States,1226000000,5313999872,6568000000,2716999936,1787374976,Expand Energy Corporation,0.3961
EXPE,0,21380481024,20.070406,11.712396,1.596,8.38,Travel Services,Consumer Cyclical,16500,United States,1838000000,6466999808,13790000128,12348000256,1859500032,"Expedia Group, Inc.",0.758
EXPD,0,15718891520,19.066444,21.334572,1.068,6.02,Integrated Freight & Logistics,Industrials,19203,United States,1152937984,588358016,11060255744,1478610048,599665152,Expeditors International of Was,4.1363
EXR,0,33139476480,34.783722,31.290794,1.131,4.3,REIT - Industrial,Real Estate,8012,United States,2265201920,13248731136,3363286016,2553349120,781681728,Extra Space Storage Inc,3.8064
XOM,0,479016517632,14.74138,14.123253,0.463,7.54,Oil & Gas Integrated,Energy,61000,United States,64872001536,37551001600,341088010240,105007996928,21801000960,Exxon Mobil Corporation,5.7062
FFIV,0,16523644928,27.322887,18.682467,1.009,10.53,Software - Infrastructure,Technology,6114,United States,824352000,266818000,2939781120,2378167040,746167488,"F5, Inc.",1.3121
FDS,0,16052952064,30.0451,22.646414,0.852,14.08,Financial Data & Stock Exchanges,Financial Services,12598,United States,852484992,1663140992,2254222080,1220657024,514323008,FactSet Research Systems Inc.,2.1689
FICO,0,43651604480,77.29677,48.2455,1.29,23.2,Software - Application,Technology,3718,United States,827203968,2548995072,1840360960,1487586944,553474496,Fair Isaac Corporation,1.3772
FAST,0,48929783808,42.65,19.474886,0.968,1.0,Industrial Distribution,Industrials,21339,United States,1690899968,495800000,7610299904,3424199936,683987520,Fastenal Company,3.9142
FRT,0,8300662784,27.458334,31.125408,1.122,3.48,REIT - Retail,Real Estate,304,United States,761038016,4600334848,1223587968,830673024,390635872,Federal Realty Investment Trust,3.6564
FDX,0,53758828544,14.120201,9.862417,1.362,15.89,Integrated Freight & Logistics,Industrials,306000,United States,10992000000,,87814995968,23871000576,4111624960,FedEx Corporation,0.932
FIS,0,41944911872,50.850315,13.981611,1.077,1.57,Information Technology Services,Technology,50000,United States,2700999936,12087000064,10190999552,3774000128,1938875008,Fidelity National Information S,0.7086
FITB,0,25725140992,12.2349205,10.558904,0.918,3.15,Banks - Regional,Financial Services,18786,United States,,22708000768,7906999808,7906999808,,Fifth Third Bancorp,2.529
FSLR,0,18011629568,14.281462,8.051294,1.527,11.76,Solar,Technology,8100,United States,1831742976,630392000,4256749056,1856263936,-820771968,"First Solar, Inc.",0.4042
FE,0,23392131072,21.55851,14.02422,0.382,1.88,Utilities - Regulated Electric,Utilities,12294,United States,4570999808,24785999872,13763999744,9555000320,-1061875008,FirstEnergy Corp.,1.2365
FI,0,91043610624,29.063717,16.11482,0.911,5.65,Information Technology Services,Technology,38000,United States,9162000384,28415000576,20703000576,12622000128,4073125120,"Fiserv, Inc.",0.7751
F,0,41561706496,8.361361,5.9724,1.509,1.25,Auto Manufacturers,Consumer Cyclical,170000,United States,10131000320,157782999040,182873997312,14753000448,1385500032,Ford Motor Company,3.8914
FTNT,0,77972930560,41.92181,42.26971,1.072,2.43,Software - Infrastructure,Technology,14556,United States,2056199936,1076499968,6142199808,4996199936,1964999936,"Fortinet, Inc.",2.8385
FTV,0,23849519104,30.776316,16.827337,1.156,2.28,Scientific & Technical Instruments,Technology,18000,United States,1679399936,4029400064,6181499904,3707699968,1302475008,Fortive Corporation,1.0352
FOXA,0,23158796288,13.311881,14.41823,0.527,4.04,Entertainment,Communication Services,10200,United States,3422000128,8106999808,16104999936,5561999872,2049874944,Fox Corporation,5.8916
FOX,0,23115145216,12.215346,21.0,0.527,4.04,Entertainment,Communication Services,10200,United States,3422000128,8106999808,16104999936,5561999872,2049874944,Fox Corporation,5.4165
BEN,0,11740139520,32.376812,8.592308,1.458,0.69,Asset Management,Financial Services,10000,United States,1667100032,3660499968,8697100288,3294799872,-97662496,"Franklin Resources, Inc.",0.4601
FCX,0,59020636160,33.684425,19.025463,1.632,1.22,Copper,Basic Materials,28500,United States,9075999744,9404000256,24861999104,9562000384,1922749952,"Freeport-McMoRan, Inc.",4.6816
GRMN,0,39623008256,27.113306,27.58579,0.988,7.59,Scientific & Technical Instruments,Technology,21800,Switzerland,1809616000,178435008,6450353152,3778960896,901582016,Garmin Ltd.,2.7901
IT,0,31504476160,25.503117,31.032982,1.233,16.05,Information Technology Services,Technology,21107,United States,1313431040,2883974912,6328614912,4290003968,1007795904,"Gartner, Inc.",
GE,0,253262299136,37.459778,45.323475,1.389,6.34,Aerospace & Defense,Industrials,53000,United States,9761000448,20714000384,39680999424,12650999808,2622874880,GE Aerospace,8.8678
GEHC,0,33283661824,15.2710085,15.5653105,1.291,4.76,Health Information Services,Healthcare,53000,United States,3656000000,9184000000,19798999040,8316000256,1576875008,GE HealthCare Technologies Inc.,2.444
GEV,0,131773022208,69.268295,69.97101,,6.97,Specialty Industrial Machinery,Industrials,76800,United States,2408999936,1013000000,35706998784,6610999808,4210374912,GE Vernova Inc.,3.2515
GEN,0,18681327616,29.24272,12.293878,1.011,1.03,Software - Infrastructure,Technology,3500,United States,1878000000,8314999808,3935000064,3159000064,1312499968,Gen Digital Inc.,0.8756
GNRC,0,7409718784,21.887434,15.275883,1.698,5.73,Specialty Industrial Machinery,Industrials,5389,United States,729518016,1420365952,4348682240,1721233024,488257120,Generac Holdlings Inc.,1.3617
GD,0,76581429248,19.7871,17.744402,0.467,14.42,Aerospace & Defense,Industrials,110000,United States,5907999744,11507000320,49208000512,7593999872,2482249984,General Dynamics Corporation,2.1031
GIS,0,29784018944,11.953846,11.572341,0.017,4.55,Packaged Foods,Consumer Defensive,34000,United States,4205700096,14187299840,19644299264,6949700096,1192574976,"General Mills, Inc.",3.565
GM,0,47129542656,6.846369,4.637654,1.344,7.16,Auto Manufacturers,Consumer Cyclical,162000,United States,18460999680,134162997248,188447997952,22555000832,1306000000,General Motors Company,1.5357
GPC,0,16849800192,19.935139,14.333529,0.774,6.09,Auto Parts,Consumer Cyclical,63000,United States,1902893056,6102282240,23569006592,8630130688,-12288375,Genuine Parts Company,1.5353
GILD,0,136938029056,23.1271,14.816285,0.311,4.76,Drug Manufacturers - General,Healthcare,17600,United States,13724000256,24952000512,28735000576,22496000000,9989000192,"Gilead Sciences, Inc.",0.234
GPN,0,18478786560,12.260517,5.919531,0.936,6.18,Specialty Business Services,Industrials,27000,United States,4423721984,16940187648,10097805312,6348184064,3779338752,Global Payments Inc.,0.596
GL,0,9959625728,9.825733,8.904798,0.564,12.28,Insurance - Life,Financial Services,3732,United States,1517460992,3168836096,5842352128,1911633024,1351823232,Globe Life Inc.,
GDDY,0,25196152832,33.9405,26.353205,1.075,5.21,Software - Infrastructure,Technology,5518,United States,1113699968,3885700096,4658999808,2980999936,958425024,GoDaddy Inc.,2.8793
GS,0,189782687744,14.36046,14.882218,1.314,43.07,Capital Markets,Financial Services,46600,United States,,739638968320,53043998720,43939999744,,"Goldman Sachs Group, Inc. (The)",2.8225
HAL,0,19567114240,9.523012,7.003077,1.141,2.39,Oil & Gas Equipment & Services,Energy,48000,United States,4727000064,8574000128,22556999680,4097999872,1766875008,Halliburton Company,12.2369
HIG,0,35819708416,12.57029,10.859604,0.706,10.03,Insurance - Property & Casualty,Financial Services,19100,United States,4153999872,4366000128,26946000896,9338999808,5297249792,"The Hartford Insurance Group, I",
HAS,0,9619855360,22.656767,15.496615,0.556,3.03,Leisure,Consumer Cyclical,4985,United States,1012400000,3360300032,4265299968,2746599936,522600000,"Hasbro, Inc.",1.7887
HCA,0,89936183296,16.600355,15.227699,1.504,22.52,Medical Care Facilities,Healthcare,226000,United States,14218999808,46435999744,71584997376,29276999680,3314249984,"HCA Healthcare, Inc.",1.2281
DOC,0,12119600128,42.54878,69.78,1.013,0.41,REIT - Healthcare Facilities,Real Estate,387,United States,1608579968,9183536128,2796777984,1778455040,753127744,"Healthpeak Properties, Inc.",4.3794
HSIC,0,8826603520,21.996885,13.578847,0.867,3.21,Medical Distribution,Healthcare,25000,United States,1029000000,3224000000,12668999680,4004000000,548625024,"Henry Schein, Inc.",1.7405
HSY,0,34844848128,21.18042,20.474405,0.283,8.12,Confectioners,Consumer Defensive,18540,United States,2778831872,6290816000,10754932736,4577278976,1252741120,The Hershey Company,47.416
HES,0,43672162304,19.585299,18.580265,0.626,7.21,Oil & Gas E&P,Energy,1797,United States,6723999744,9498000384,12270000128,9694000128,717249984,Hess Corporation,3.5246
HPE,0,23521542144,17.235577,8.535714,1.329,1.04,Communication Equipment,Technology,61000,United States,4797000192,17557999616,31648999424,9601000448,81000000,Hewlett Packard Enterprise Comp,11.0806
HLT,0,58890174464,39.077286,31.007511,1.25,6.34,Lodging,Consumer Cyclical,181000,United States,2516000000,11879999488,4759000064,3640999936,1668749952,Hilton Worldwide Holdings Inc.,1.5476
HOLX,0,14513893376,27.365543,13.798729,0.548,2.38,Medical Instruments & Supplies,Healthcare,7063,United States,1252300032,2531000064,4026500096,2456699904,775875008,"Hologic, Inc.",1.2443
HD,0,355776299008,24.259838,22.922436,1.018,14.74,Home Improvement Retail,Consumer Cyclical,470000,United States,25497999360,61952000000,162952003584,54334001152,10957625344,"Home Depot, Inc. (The)",4.2517
HON,0,144970825728,25.904598,20.469572,1.069,8.7,Conglomerates,Industrials,102000,United States,9765999616,33991000064,39215001600,14924999680,4354625024,Honeywell International Inc.,2.2466
HRL,0,17002753024,22.735294,18.295856,0.336,1.36,Packaged Foods,Consumer Defensive,20000,United States,1306600960,2857946112,11924157440,1974364032,449302016,Hormel Foods Corporation,3.2975
HST,0,10859565056,16.088541,15.92268,1.351,0.96,REIT - Hotel & Motel,Real Estate,165,United States,1572999936,5644000256,5816000000,1694000000,1235250048,"Host Hotels & Resorts, Inc.",2.2131
HWM,0,69540921344,56.481968,54.34385,1.432,3.05,Aerospace & Defense,Industrials,23930,United States,2008000000,3483000064,7548000256,2411000064,790124992,Howmet Aerospace Inc.,
HPQ,0,22758584320,9.319231,6.7305555,1.313,2.6,Computer Hardware,Technology,58000,United States,4682999808,11916000256,54298001408,11486000128,2612624896,HP Inc.,1.6235
HUBB,0,20602357760,26.117052,21.783861,0.983,14.78,Electrical Equipment & Parts,Industrials,17700,United States,1305600000,2010499968,5594599936,1914099968,640574976,Hubbell Inc,2.2952
HUM,0,28373413888,16.590508,13.960065,0.435,14.17,Healthcare Plans,Healthcare,65680,United States,4096999936,13733999616,120262000640,18186999808,-2093124992,Humana Inc.,0.7549
HBAN,0,22952040448,12.119231,11.7574625,0.945,1.3,Banks - Regional,Financial Services,20092,United States,,19239000064,7104000000,7104000000,,Huntington Bancshares Incorpora,2.2938
HII,0,9144672256,16.790346,14.862883,0.282,13.88,Aerospace & Defense,Industrials,44000,United States,1000000000,3406000128,11463999488,1468999936,-86875000,"Huntington Ingalls Industries, ",0.9749
IBM,0,259627057152,47.75214,26.328936,0.652,5.85,Information Technology Services,Technology,270300,United States,13950000128,66835001344,62832001024,35840000000,10564249600,International Business Machines,2.0837
IEX,0,13691703296,28.768253,21.2723,1.056,6.3,Specialty Industrial Machinery,Industrials,9000,United States,884700032,1966400000,3282599936,1463800064,479100000,IDEX Corporation,1.791
IDXX,0,42210238464,48.598145,43.884613,1.548,10.8,Diagnostics & Research,Healthcare,11000,United States,1341507968,1059358976,3931835904,2409235968,761150144,"IDEXX Laboratories, Inc.",4.351
ITW,0,71672250368,21.487247,22.83271,1.119,11.37,Specialty Industrial Machinery,Industrials,44000,United States,4519000064,8263000064,15763999744,6889999872,2692375040,Illinois Tool Works Inc.,3.5855
INCY,0,13245995008,342.15,11.144952,0.676,0.2,Biotechnology,Healthcare,2617,United States,303279008,43119000,4413225984,1635259008,618045760,Incyte Corporation,0.1244
IR,0,32960909312,40.44307,23.077684,1.444,2.02,Specialty Industrial Machinery,Industrials,21000,United States,1947399936,4865999872,7281699840,3189199872,1108525056,Ingersoll Rand Inc.,1.2534
PODD,0,21693061120,55.440647,79.65117,1.377,5.56,Medical Devices,Healthcare,3900,United States,424500000,1748600064,2198899968,1547900032,84250000,Insulet Corporation,7.667
INTC,0,89638658048,,21.185463,1.113,-4.48,Semiconductors,Technology,108900,United States,8114999808,50150998016,53043998720,17568999424,-7000750080,Intel Corporation,
ICE,0,102885556224,37.05785,26.611277,1.129,4.84,Financial Data & Stock Exchanges,Financial Services,12842,United States,5800000000,20621000704,9461999616,9461999616,2783000064,Intercontinental Exchange Inc.,2.9477
IFF,0,19816050688,,16.804771,1.076,-3.26,Specialty Chemicals,Basic Materials,22400,United States,1763000064,9911000064,11427999744,4135000064,-1259374976,International Flavors & Fragran,0.9788
IP,0,24621402112,39.863335,15.5467,0.994,1.17,Packaging & Containers,Consumer Cyclical,65000,United States,1959000064,10328000512,19900999680,5778999808,485624992,International Paper Company,0.9457
IPG,0,8598187008,17.75191,8.456364,1.049,1.31,Advertising Agencies,Communication Services,51500,United States,1664800000,4205799936,9000999936,2029799936,1069362496,"Interpublic Group of Companies,",0.8416
INTU,0,212466958336,62.126835,34.263382,1.283,12.26,Software - Application,Technology,18800,United States,5330999808,,18183999488,14595000320,5197749760,Intuit Inc.,1.9892
ISRG,0,185293127680,75.80278,65.772896,1.676,6.82,Medical Instruments & Supplies,Healthcare,15638,United States,2966099968,0,8714900480,5846499840,1659849984,"Intuitive Surgical, Inc.",3.6207
IVZ,0,6612639744,11.82,7.81746,1.435,1.25,Asset Management,Financial Services,8495,United States,1272400000,964800000,6120900096,1761200000,10569037824,Invesco Ltd,0.4457
INVH,0,20644122624,43.17949,45.51351,0.817,0.78,REIT - Residential,Real Estate,1750,United States,1439789952,8135558144,2618856960,1533539968,977758976,Invitation Homes Inc.,13.1277
IQV,0,27432611840,21.603542,13.137532,1.286,7.34,Diagnostics & Research,Healthcare,89000,United States,2926000128,14538000384,15496999936,5379999744,2157750016,"IQVIA Holdings, Inc.",0.9838
IRM,0,30094309376,248.77902,52.04051,1.111,0.41,REIT - Specialty,Real Estate,28850,United States,2090653952,17479235584,6265574912,3512077056,-776869888,Iron Mountain Incorporated (Del,
JBHT,0,13948743680,25.520868,19.584957,1.296,5.51,Integrated Freight & Logistics,Industrials,33646,United States,1573156992,1920166016,12064594944,2271185920,337648992,"J.B. Hunt Transport Services, I",1.85
JBL,0,19139614720,40.157658,17.812187,1.139,4.44,Electronic Components,Technology,138000,United States,1986000000,3292999936,27451000832,2452999936,1571374976,Jabil Inc.,
JKHY,0,13137462272,30.735947,28.547468,0.732,5.87,Information Technology Services,Technology,7200,United States,604636992,223444992,2319827968,975688000,230522256,"Jack Henry & Associates, Inc.",4.8692
J,0,15273029632,42.089405,19.114286,0.76,3.02,Engineering & Construction,Industrials,45000,United States,1310900992,3115205120,11686905856,2924966912,1289841024,Jacobs Solutions Inc.,1.6596
JNJ,0,378402635776,17.493883,14.836792,0.41,8.99,Drug Manufacturers - General,Healthcare,138100,United States,30025000960,52252000256,89330999296,61549998080,16797124608,Johnson & Johnson,1.0653
JCI,0,67462975488,31.066666,24.46778,1.339,3.3,Building Products & Equipment,Industrials,94000,Ireland,4113999872,11205000192,23247998976,8371999744,2593499904,Johnson Controls International ,1.4534
JPM,0,741461131264,13.084846,15.937873,1.084,20.39,Banks - Diversified,Financial Services,318477,United States,,1076282982400,168713994240,168713994240,,JP Morgan Chase & Co.,7.2872
JNPR,0,11995990016,34.166668,18.118687,0.773,1.05,Communication Equipment,Technology,11271,United States,604400000,1963500032,5204899840,3055300096,733287488,"Juniper Networks, Inc.",
K,0,27791550464,20.177582,66.754166,0.305,3.97,Packaged Foods,Consumer Defensive,24000,United States,2372999936,6259999744,12632000512,4631000064,722124992,Kellanova,3.5224
KVUE,0,41758044160,38.839287,17.827868,0.925,0.56,Household & Personal Products,Consumer Defensive,22000,United States,3508999936,8851000320,15301999616,8912000000,1793374976,Kenvue Inc.,1.0266
KDP,0,45214146560,30.263636,16.239025,0.496,1.1,Beverages - Non-Alcoholic,Consumer Defensive,29000,United States,4167000064,18681999360,15518000128,8574000128,1535000064,Keurig Dr Pepper Inc.,1.0178
KEY,0,17387087872,,10.169872,1.074,-0.19,Banks - Regional,Financial Services,16989,United States,,15516999680,4464000000,4464000000,,KeyCorp,
KEYS,0,27561533440,37.59155,22.97561,1.098,4.26,Scientific & Technical Instruments,Technology,15400,United States,1154000000,2764999936,5107999744,3160999936,976499968,Keysight Technologies Inc.,1.0699
KMB,0,44005437440,18.06812,17.381388,0.398,7.34,Household & Personal Products,Consumer Defensive,38000,United States,3860000000,7283999744,19748999168,7199000064,2051624960,Kimberly-Clark Corporation,5.9001
KIM,0,14084646912,27.394737,29.742857,1.281,0.76,REIT - Retail,Real Estate,717,United States,1256643968,8143657984,2069884032,1421996032,797736128,Kimco Realty Corporation (HC),3.3025
KMI,0,61548498944,23.870691,21.97619,0.749,1.16,Oil & Gas Midstream,Energy,10933,United States,6575000064,33200001024,15498999808,7790000128,257875008,"Kinder Morgan, Inc.",2.2967
KKR,0,114198667264,53.202587,20.33443,1.884,2.32,Asset Management,Financial Services,4834,United States,,51460583424,20308705280,12292313088,,KKR & Co. Inc.,1.2673
KLAC,0,115624919040,31.829268,26.640768,1.386,27.47,Semiconductor Equipment & Materials,Technology,15000,United States,5036264960,6089172992,11550155776,6995023872,2567814400,KLA Corporation,1.6439
KHC,0,31294572544,12.073744,8.612866,0.231,2.19,Packaged Foods,Consumer Defensive,36000,United States,6368999936,21603000320,25433999360,8794000384,2305625088,The Kraft Heinz Company,0.928
KR,0,43580076032,17.833786,14.290393,0.574,3.67,Grocery Stores,Consumer Defensive,409000,United States,7923999744,21152999424,147122995200,34574000128,2096375040,Kroger Company (The),1.5753
LHX,0,48132050944,30.505333,17.891937,0.752,8.44,Aerospace & Defense,Industrials,47000,United States,3967000064,12252000256,21245999104,5526000128,3564999936,"L3Harris Technologies, Inc.",0.3708
LH,0,22002636800,30.355082,16.409176,0.794,8.66,Diagnostics & Research,Healthcare,60900,United States,1717299968,6584600064,13177400320,3675099904,967924992,Labcorp Holdings Inc.,0.9892
LRCX,0,116489461760,25.36769,21.32787,1.656,3.59,Semiconductor Equipment & Materials,Technology,18600,United States,5667103232,4484340224,17135705088,8234723840,2826895104,Lam Research Corporation,1.3601
LW,0,7910257664,21.982353,11.256024,0.474,2.55,Packaged Foods,Consumer Defensive,10700,United States,1227500032,4268800000,6387400192,1520400000,15387500,"Lamb Weston Holdings, Inc.",2.1959
LVS,0,28968212480,22.902235,14.907272,1.022,1.79,Resorts & Casinos,Consumer Cyclical,39900,United States,3688999936,13850999808,11201000448,8849999872,1662249984,Las Vegas Sands Corp.,1.0709
LDOS,0,19260225536,15.08367,14.318661,0.646,9.92,Information Technology Services,Technology,47000,United States,2220000000,5736000000,16931999744,2916999936,921625024,"Leidos Holdings, Inc.",
LEN,0,28882780160,8.030657,6.8166046,1.354,13.7,Residential Construction,Consumer Cyclical,13265,United States,4984000000,3864478976,35760066560,7812855808,9169408000,Lennar Corporation,1.6208
LII,0,19388184576,24.337639,23.389555,1.145,22.45,Building Products & Equipment,Industrials,14200,United States,1119200000,1489799936,5366799872,1760400000,589800000,"Lennox International, Inc.",2.0679
LLY,0,737723547648,67.02773,36.264786,0.394,12.26,Drug Manufacturers - General,Healthcare,47000,United States,22003300352,38604300288,49003200512,40034201600,-1821975040,Eli Lilly and Company,1.2452
LIN,0,221485056000,34.120377,27.75929,0.979,13.79,Specialty Chemicals,Basic Materials,65069,United Kingdom,12823000064,23896999936,33016999936,15932999680,3411000064,Linde plc,2.6051
LYV,0,32314812416,47.26271,57.613636,1.45,2.95,Entertainment,Communication Services,16200,United States,1968067968,8294375936,22738212864,5806461952,1639135232,"Live Nation Entertainment, Inc.",4.8301
LKQ,0,9985164288,14.379182,10.685083,0.979,2.69,Auto Parts,Consumer Cyclical,47000,United States,1724000000,5846000128,14115000320,5543000064,510249984,LKQ Corporation,1.0563
LMT,0,113987346432,20.988352,17.307364,0.293,23.18,Aerospace & Defense,Industrials,121000,United States,8689000448,20303998976,71810998272,7346999808,5291125248,Lockheed Martin Corporation,1.7032
L,0,18616899584,14.554098,30.613792,0.706,6.1,Insurance - Property & Casualty,Financial Services,13000,United States,2758000128,8945999872,17773000704,6451999744,3020999936,Loews Corporation,
LOW,0,123184275456,18.180315,17.40301,0.922,12.09,Home Improvement Retail,Consumer Cyclical,300000,United States,12476999680,38994001920,83240001536,27772999680,5662374912,"Lowe's Companies, Inc.",2.2442
LULU,0,29597204480,16.79932,16.540522,1.262,14.7,Apparel Retail,Consumer Cyclical,39000,Canada,2976974080,1706781952,10749894656,6378869248,1183213952,lululemon athletica inc.,1.0492
LYB,0,19508979712,21.00346,7.0499425,0.842,2.89,Specialty Chemicals,Basic Materials,20000,United States,3550000128,12814000128,39674998784,4008999936,1453374976,LyondellBasell Industries NV,0.8372
MTB,0,28976349184,12.082999,11.088452,0.61,14.94,Banks - Regional,Financial Services,22291,United States,,12700999680,8785000448,8785000448,,M&T Bank Corporation,28.797
MPC,0,50527490048,22.65427,16.12451,0.868,7.26,Oil & Gas Refining & Marketing,Energy,18300,United States,7942000128,32137000960,137968992256,11962000384,2657750016,Marathon Petroleum Corporation,2.8069
MKTX,0,8486635008,39.288193,27.496964,0.842,5.76,Capital Markets,Financial Services,891,United States,410612000,70861000,815355008,506049984,503360736,"MarketAxess Holdings, Inc.",3.1066
MAR,0,70914416640,29.455063,24.42547,1.422,8.79,Lodging,Consumer Cyclical,418000,United States,4337999872,15850999808,6681999872,5472000000,1812999936,Marriott International,1.5552
MMC,0,107887722496,26.899263,23.219513,0.827,8.14,Insurance Brokers,Financial Services,90000,United States,7417999872,22418999296,25045999616,11100000256,4121999872,"Marsh & McLennan Companies, Inc",2.3561
MLM,0,33052073984,31.400919,26.308062,0.886,17.46,Building Materials,Basic Materials,9400,United States,2168999936,5807000064,6638000128,1960999936,291875008,"Martin Marietta Materials, Inc.",
MAS,0,13236610048,17.144808,14.196833,1.193,3.66,Building Products & Equipment,Industrials,18000,United States,1487000064,3305999872,7703000064,2799000064,734000000,Masco Corporation,1.794
MA,0,512180977664,39.552948,34.433765,1.052,14.26,Credit Services,Financial Services,35300,United States,17977999360,18801999872,29069000704,29069000704,14451000320,Mastercard Incorporated,2.3637
MTCH,0,7535763968,15.212872,12.391129,1.364,2.02,Internet Content & Information,Communication Services,2500,United States,974160000,3511336960,3450904064,2481780992,691691648,"Match Group, Inc.",0.3988
MKC,0,20238034944,26.024137,24.189104,0.679,2.9,Packaged Foods,Consumer Defensive,14100,United States,1260499968,4307700224,6726499840,2595699968,535049984,"McCormick & Company, Incorporat",3.6728
MCD,0,217305694208,26.799824,24.100714,0.556,11.34,Restaurants,Consumer Cyclical,150000,United States,13895999488,52794998784,25706999808,14608000000,5306375168,McDonald's Corporation,2.6981
MCK,0,91279998976,28.391912,19.838087,0.488,25.72,Medical Distribution,Healthcare,43000,United States,5416000000,7414000128,359051001856,12821000192,4733250048,McKesson Corporation,1.1599
MDT,0,113136730112,24.447369,15.086325,0.815,3.61,Medical Devices,Healthcare,95000,Ireland,9560000512,28515999744,33536999424,21969000448,4734249984,Medtronic plc.,2.5372
MRK,0,205879345152,11.9171505,8.722341,0.441,6.88,Drug Manufacturers - General,Healthcare,73000,United States,28795000832,34844000256,63921999872,49265000448,17124249600,"Merck & Company, Inc.",0.7502
META,0,1743606775808,27.109762,27.409792,1.266,25.58,Internet Content & Information,Communication Services,76834,United States,87979999232,49519001600,170359996416,139297996800,36658999296,"Meta Platforms, Inc.",2.282
MET,0,52602908672,12.803922,8.086688,0.839,6.12,Insurance - Life,Financial Services,45000,United States,7554999808,47948001280,73494003712,18961000448,1656249984,"MetLife, Inc.",1.0925
MTD,0,24415010816,29.33991,27.576761,1.387,40.04,Diagnostics & Research,Healthcare,16000,United States,1183522944,2074094976,3830156032,2303329024,743663872,"Mettler-Toledo International, I",3.5103
MGM,0,8818988032,14.466517,14.08913,1.767,2.24,Resorts & Casinos,Consumer Cyclical,60000,United States,2446169088,31872178176,17134156800,7781541888,556492032,MGM Resorts International,1.8631
MCHP,0,36164001792,,25.78654,1.463,-0.01,Semiconductors,Technology,19400,United States,1125600000,5781199872,4401600000,2467899904,1055487488,Microchip Technology Incorporat,
MU,0,130465128448,27.92823,9.070707,1.281,4.18,Semiconductors,Technology,48000,United States,14104000512,15022999552,31323000832,10880000000,-607249984,"Micron Technology, Inc.",0.1587
MSFT,0,3546733871104,36.905643,31.919064,1.026,12.93,Software - Infrastructure,Technology,228000,United States,149172994048,105018998784,270010007552,186509000704,54817001472,Microsoft Corporation,2.246
MAA,0,18047127552,31.17116,36.203613,0.778,4.82,REIT - Residential,Real Estate,2532,United States,1246050048,5067837952,2196687872,1300422016,990585280,Mid-America Apartment Communiti,
MRNA,0,10330730496,,-3.0703678,1.859,-8.73,Biotechnology,Healthcare,5800,United States,-3536999936,745000000,3176999936,-2616999936,-3197499904,"Moderna, Inc.",
MHK,0,6484436480,13.556863,9.301346,1.189,7.65,"Furnishings, Fixtures & Appliances",Consumer Cyclical,41900,United States,1408199936,2788199936,10683299840,2720900096,669262528,"Mohawk Industries, Inc.",
MOH,0,16047535104,14.310294,11.516142,0.57,20.69,Healthcare Plans,Healthcare,18000,United States,1836999936,3766000128,40289001472,4796000256,585374976,Molina Healthcare Inc,
TAP,0,10369137664,10.300805,8.633221,0.728,4.97,Beverages - Brewers,Consumer Defensive,16800,United States,2403200000,6600099840,11334700032,4420800000,671500032,Molson Coors Beverage Company,20.3765
MDLZ,0,87691681792,25.176579,19.744898,0.499,2.69,Confectioners,Consumer Defensive,90000,United States,5633999872,20155000832,36464001024,11937000448,3596750080,"Mondelez International, Inc.",5.5429
MPWR,0,32828923904,18.279127,39.90978,1.192,37.51,Semiconductors,Technology,4017,United States,652257984,17751000,2386768896,1321659008,443831744,"Monolithic Power Systems, Inc.",
MNST,0,62059778048,41.86513,34.02941,0.605,1.52,Beverages - Non-Alcoholic,Consumer Defensive,5527,United States,2172233984,260636992,7448168960,4069711104,1444561536,Monster Beverage Corporation,2.0958
MCO,0,85721563136,41.103966,35.76539,1.384,11.59,Financial Data & Stock Exchanges,Financial Services,15795,United States,3320000000,7267999744,7225999872,5256999936,2182374912,Moody's Corporation,2.6633
MS,0,209636491264,15.300937,16.477932,1.291,8.54,Capital Markets,Financial Services,81000,United States,,449335984128,63958999040,55355998208,,Morgan Stanley,155.2
MOS,0,11436177408,31.077587,14.654471,1.148,1.16,Agricultural Inputs,Basic Materials,13765,United States,1930700032,4823399936,11064299520,1601100032,502837504,Mosaic Company (The),1.2008
MSI,0,68786085888,34.399,28.053099,0.967,11.98,Communication Equipment,Technology,21000,United States,3220999936,6525000192,10956000256,5633999872,1923000064,"Motorola Solutions, Inc.",1.6915
MSCI,0,42442137600,37.70103,32.1919,1.326,14.55,Financial Data & Stock Exchanges,Financial Services,6184,United States,1691549952,4691348992,2921989120,2399331072,1127484800,MSCI Inc.,2.7414
NDAQ,0,49477832704,38.995476,27.44586,1.013,2.21,Financial Data & Stock Exchanges,Financial Services,9377,United States,2736000000,9774000128,7816000000,4768999936,1834000000,"Nasdaq, Inc.",1.7549
NTAP,0,20357185536,17.91887,13.403694,1.414,5.67,Computer Hardware,Technology,11700,United States,1640000000,3491000064,6572000256,4613000192,1158625024,"NetApp, Inc.",1.4854
NFLX,0,518594527232,57.643578,51.24412,1.589,21.14,Entertainment,Communication Services,14000,United States,11453826048,17423486976,40173326336,18848788480,21784893440,"Netflix, Inc.",2.1639
NEM,0,64373022720,13.174807,15.101149,0.322,4.39,Gold,Basic Materials,22200,United States,9857000448,7985999872,19669000192,10382999552,7086374912,Newmont Corporation,
NWSA,0,16295746560,33.518295,25.929247,1.247,0.82,Entertainment,Communication Services,23900,United States,1383000064,2923000064,10268000256,5334000128,-670875008,News Corporation,2.8821
NWS,0,16306985984,38.390244,32.2046,1.247,0.82,Entertainment,Communication Services,23900,United States,1383000064,2923000064,10268000256,5334000128,-670875008,News Corporation,3.2987
NEE,0,151865131008,27.629211,20.046194,0.674,2.67,Utilities - Regulated Electric,Utilities,16800,United States,13576999936,89677996032,25269000192,15374000128,-11337249792,"NextEra Energy, Inc.",2.7944
NKE,0,91603042304,20.618637,19.214272,1.217,3.01,Footwear & Accessories,Consumer Cyclical,79400,United States,5782000128,11914999808,47817998336,20956000256,5077624832,"Nike, Inc.",6.8291
NI,0,18691616768,21.464865,21.349463,0.549,1.85,Utilities - Regulated Gas,Utilities,7687,United States,2582500096,14925400064,5932000256,3027399936,-601249984,NiSource Inc,2.4531
NDSN,0,12272602112,27.915165,20.86263,0.896,7.78,Specialty Industrial Machinery,Industrials,7800,United States,806468992,2323457024,2704443904,1481624960,304186752,Nordson Corporation,1.9991
NSC,0,56349409280,17.0497,18.40564,1.31,14.66,Railroads,Industrials,19600,United States,5993999872,17749000192,12112000000,5993999872,1379874944,Norfolk Southern Corporation,2.3606
NTRS,0,21195024384,10.172735,14.260471,1.235,10.71,Asset Management,Financial Services,23400,United States,,17899100160,8577099776,8577099776,,Northern Trust Corporation,67.9925
NOC,0,74124361728,20.315977,18.353886,0.144,25.35,Aerospace & Defense,Industrials,97000,United States,6341000192,18126000128,40368001024,7808999936,2911749888,Northrop Grumman Corporation,3.2201
NCLH,0,8136355328,10.34659,8.712918,2.126,1.76,Travel Services,Consumer Cyclical,41700,United States,2427109888,14803527680,9415989248,3810778112,-750045888,Norwegian Cruise Line Holdings ,0.4719
NRG,0,29623676928,24.050793,21.959421,1.137,6.3,Utilities - Independent Power Producers,Utilities,15637,United States,3657999872,10988999680,29286000640,6287000064,2221499904,"NRG Energy, Inc.",1.3055
NUE,0,28031633408,21.425045,12.978633,1.747,5.67,Steel,Basic Materials,32700,United States,3532999936,7880000000,30427000832,3201999872,194282000,Nucor Corporation,
NVDA,0,3490353250304,46.167744,34.737865,2.122,3.1,Semiconductors,Technology,36000,United States,88247001088,10284999680,148514996224,104120000512,55443001344,NVIDIA Corporation,1.7978
NVR,0,21347993600,15.045706,14.093967,0.995,485.28,Residential Construction,Consumer Cyclical,7000,United States,2094114048,1067212992,10742590464,2685158912,1303018240,"NVR, Inc.",
NXPI,0,54067658752,23.33915,16.374905,1.39,9.17,Semiconductors,Technology,33100,Netherlands,4268000000,11724999680,12323000320,6925000192,1445624960,NXP Semiconductors N.V.,1.44
ORLY,0,76957147136,33.097427,2.0032265,0.6,2.72,Auto Parts,Consumer Cyclical,93419,United States,3715109888,8103818752,16869163008,8641802240,1610164736,"O'Reilly Automotive, Inc.",2.1733
OXY,0,45250433024,18.615385,14.550632,0.853,2.47,Oil & Gas E&P,Energy,13323,United States,13674999808,25987000320,27552999424,17660000256,4067624960,Occidental Petroleum Corporatio,1.3319
ODFL,0,34145892352,30.315197,27.38644,1.272,5.33,Trucking,Industrials,21817,United States,1844806016,59990000,5729594880,2277443072,607407232,"Old Dominion Freight Line, Inc.",3.0619
OMC,0,13773005824,9.6079235,8.140046,0.955,7.32,Advertising Agencies,Communication Services,74900,United States,2527500032,6928000000,15749000192,2937600000,1268012544,Omnicom Group Inc.,1.3267
ON,0,21681963008,36.031246,12.010416,1.381,1.44,Semiconductors,Technology,26400,United States,2004300032,3652800000,6665299968,2656300032,1121924992,ON Semiconductor Corporation,2.2861
OKE,0,52506562560,16.417969,14.080402,0.931,5.12,Oil & Gas Midstream,Energy,5177,United States,6517000192,32039999488,24960000000,8890999808,1758000000,"ONEOK, Inc.",1.4356
ORCL,0,598913384448,49.210827,29.82891,1.324,4.34,Software - Infrastructure,Technology,,United States,24226000896,104104001536,57399001088,40471998464,2929250048,Oracle Corporation,2.1098
OTIS,0,38102118400,25.272251,23.040573,0.974,3.82,Specialty Industrial Machinery,Industrials,72000,United States,2520999936,8725000192,14174000128,4276999936,1348499968,Otis Worldwide Corporation,2.6137
PCAR,0,48876310528,14.128224,11.998067,0.954,6.59,Farm & Heavy Construction Machinery,Industrials,30100,United States,4819500032,15707899904,32361199616,5399000064,-49712500,PACCAR Inc.,2.2783
PKG,0,17163910144,19.93234,16.970863,0.862,9.57,Packaging & Containers,Consumer Cyclical,15400,United States,1766099968,2802500096,8544799744,1872400000,388112512,Packaging Corporation of Americ,2.4374
PLTR,0,327697072128,603.73914,295.4468,2.638,0.23,Software - Infrastructure,Technology,4001,United States,435340992,244596000,3115023872,2492320000,931205248,Palantir Technologies Inc.,4.2822
PANW,0,132692000768,114.36678,27.63864,0.973,1.74,Software - Infrastructure,Technology,15866,United States,1250200064,806000000,8874699776,6528399872,3175474944,"Palo Alto Networks, Inc.",2.4551
PARA,0,8470133248,,7.319019,1.207,-8.26,Entertainment,Communication Services,18600,United States,2617999872,15527000064,28720001024,9358000128,15053750272,Paramount Global,
PH,0,84385865728,25.390617,22.432404,1.339,26.01,Specialty Industrial Machinery,Industrials,61120,United States,5036259840,9372912640,19793741824,7254986752,2980823296,Parker-Hannifin Corporation,2.9812
PAYX,0,55397380096,32.041664,29.073725,0.911,4.8,Software - Application,Technology,16500,United States,2427800064,863699968,5439499776,3917799936,1158000000,"Paychex, Inc.",6.9214
PAYC,0,13900182528,35.34758,28.45642,0.818,7.02,Software - Application,Technology,7306,United States,486300000,81500000,1913799936,1643800064,296926496,"Paycom Software, Inc.",2.5659
PYPL,0,69847318528,16.139326,14.687117,1.449,4.45,Credit Services,Financial Services,24400,United States,6371999744,13376000000,31889000448,13201000448,1741874944,"PayPal Holdings, Inc.",1.0048
PNR,0,16087450624,25.26615,20.160826,1.101,3.87,Specialty Industrial Machinery,Industrials,9750,United Kingdom,1037200000,1953799936,4076000000,1616400000,658825024,Pentair plc.,1.7353
PEP,0,180859158528,19.39853,15.285052,0.466,6.8,Beverages - Non-Alcoholic,Consumer Defensive,319000,United States,17302999040,48518000640,91522998272,50404999168,7581499904,"Pepsico, Inc.",2.3483
PFE,0,140542345216,17.913044,8.43686,0.491,1.38,Drug Manufacturers - General,Healthcare,81000,United States,23320999936,62397001728,62464000000,46487998464,15049249792,"Pfizer, Inc.",0.6301
PCG,0,30295019520,12.646789,9.314189,0.612,1.09,Utilities - Regulated Electric,Utilities,28410,United States,9368999936,59968000000,24540999680,9224999936,-5102249984,Pacific Gas & Electric Co.,0.8363
PM,0,286446354432,28.981102,25.559723,0.544,6.35,Tobacco,Consumer Defensive,83100,United States,16241000448,49633001472,38385999872,25212000256,8564250112,Philip Morris International Inc,1.3523
PSX,0,49640087552,27.440315,12.838251,0.998,4.44,Oil & Gas Refining & Marketing,Energy,13200,United States,3279000064,18802999296,137772007424,12536000512,1671624960,Phillips 66,0.8552
PNW,0,10790087680,17.89505,19.30983,0.431,5.05,Utilities - Regulated Electric,Utilities,6400,United States,2023175040,12132355072,5205483008,2153022976,-359840736,Pinnacle West Capital Corporati,4.4762
PNC,0,69544632320,12.424735,11.712858,1.069,14.15,Banks - Regional,Financial Services,53686,United States,,63096999936,21009000448,21009000448,,"PNC Financial Services Group, I",1.8163
POOL,0,10959752192,27.295877,24.232752,1.123,10.68,Industrial Distribution,Industrials,6000,United States,631843968,1347078016,5261668864,1549155968,402759872,Pool Corporation,
PPG,0,24740276224,19.292034,12.316383,1.156,5.65,Specialty Chemicals,Basic Materials,46000,United States,2651000064,7872999936,15680000000,6537999872,1066750016,"PPG Industries, Inc.",0.8135
PPL,0,25238472704,25.477612,18.655737,0.668,1.34,Utilities - Regulated Electric,Utilities,6653,United States,3295000064,17344000000,8661999616,3662000128,-481124992,PPL Corporation,1.3172
PFG,0,17199933440,16.428265,9.090048,0.996,4.67,Asset Management,Financial Services,19700,United States,1622974976,4590400000,15770300416,6782400000,1386312448,Principal Financial Group Inc,
PG,0,379105312768,25.666204,21.79206,0.427,6.3,Household & Personal Products,Consumer Defensive,108000,United States,24187000832,34140999680,83926999040,43384999936,12618874880,Procter & Gamble Company (The),3.9511
PGR,0,157571153920,18.136978,19.477537,0.4,14.82,Insurance - Property & Casualty,Financial Services,66308,United States,11571999744,6894000128,78507999232,11758999552,13350724608,Progressive Corporation (The),6.9359
PLD,0,99821453312,26.826632,30.561022,1.268,4.01,REIT - Industrial,Real Estate,2703,United States,6193812992,32895868928,8733704192,6660436992,4307161088,"Prologis, Inc.",
PRU,0,36804337664,16.398264,7.0772634,1.047,6.34,Insurance - Life,Financial Services,37936,United States,2821750016,47712002048,60366000128,15569999872,-16394500096,"Prudential Financial, Inc.",0.6902
PEG,0,40503668736,22.177595,19.943487,0.497,3.66,Utilities - Regulated Electric,Utilities,13047,United States,3940999936,23548000256,10752000000,3678000128,-973625024,Public Service Enterprise Group,2.511
PTC,0,20458330112,46.85714,24.365713,1.183,3.64,Software - Application,Technology,7000,United States,739947008,1567497984,2346680064,1903879936,804437248,PTC Inc.,1.4992
PSA,0,51724079104,29.22101,27.736593,0.879,10.09,REIT - Industrial,Real Estate,5900,United States,3343835904,9424558080,4738937856,3454361088,2434415872,Public Storage,11.5578
PHM,0,20631957504,7.2697744,7.6251855,1.297,14.16,Residential Construction,Consumer Cyclical,6793,United States,3852910080,2188933120,17890439168,5117159936,761504256,"PulteGroup, Inc.",0.3064
PWR,0,52915937280,57.590324,35.1437,1.072,6.2,Engineering & Construction,Industrials,58400,United States,2173506048,4747752960,24874309632,3721304064,1378591872,"Quanta Services, Inc.",2.2265
QCOM,0,171529568256,15.924566,12.773508,1.256,9.81,Semiconductors,Technology,49000,United States,13351000064,14622999552,42285998080,23545999360,8322874880,QUALCOMM Incorporated,2.2792
DGX,0,20247797760,22.929836,18.583504,0.491,7.91,Diagnostics & Research,Healthcare,55000,United States,1975000064,6576000000,10158000128,3356000000,817625024,Quest Diagnostics Incorporated,1.5879
RL,0,15955645440,22.762478,20.3149,1.531,11.62,Apparel Manufacturing,Consumer Cyclical,15000,United States,1143000064,2668100096,7079000064,4852899840,816062528,Ralph Lauren Corporation,2.25
RJF,0,29786040320,14.236712,13.252666,1.043,10.37,Asset Management,Financial Services,19000,United States,,4461000192,13566999552,12654000128,,"Raymond James Financial, Inc.",1.679
RTX,0,194593800192,42.715393,23.839525,0.617,3.41,Aerospace & Defense,Industrials,185000,United States,13381999616,42945998848,81738997760,15964999680,5729124864,RTX Corporation,1.518
O,0,52094169088,52.44091,36.279873,0.766,1.1,REIT - Retail,Real Estate,468,United States,4864595968,27452194816,5404987904,5009993216,2469820160,Realty Income Corporation,5.7711
REG,0,12866704384,33.391,33.550003,1.023,2.11,REIT - Retail,Real Estate,495,United States,956665984,4886515200,1522884992,1082594944,638198656,Regency Centers Corporation,2.8124
REGN,0,56573120512,13.316265,11.564665,0.307,39.35,Biotechnology,Healthcare,15158,United States,4471000064,2704800000,14085699584,6873699840,2082887552,"Regeneron Pharmaceuticals, Inc.",1.081
RF,0,19596673024,10.531401,9.646017,0.978,2.07,Banks - Regional,Financial Services,19644,United States,,,6661000192,6661000192,,Regions Financial Corporation,2.8546
RSG,0,79000797184,38.188065,37.122612,0.644,6.62,Waste Management,Industrials,42000,United States,5038000128,13530000384,16179000320,6978999808,1919374976,"Republic Services, Inc.",3.9775
RMD,0,36901617664,28.277529,24.457726,0.769,8.9,Medical Instruments & Supplies,Healthcare,,United States,1764669952,839772032,5021529088,2981164032,1202870656,ResMed Inc.,1.5002
RVTY,0,11228296192,39.363636,18.46124,0.972,2.42,Diagnostics & Research,Healthcare,11000,United States,835348992,3325364992,2769868032,1557958016,742646848,"Revvity, Inc.",0.7151
ROK,0,36241010688,40.5454,28.203947,1.373,7.93,Specialty Industrial Machinery,Industrials,27000,United States,1578700032,4092999936,7968200192,3128900096,1083287552,"Rockwell Automation, Inc.",3.429
ROL,0,27792025600,57.924244,51.200893,0.768,0.99,Personal Services,Consumer Cyclical,20000,United States,782566976,911033024,3462863104,1825090048,492010496,"Rollins, Inc.",4.9538
ROP,0,61245923328,41.159683,28.454046,1.036,13.84,Software - Application,Technology,18200,United States,2872999936,7456399872,7241299968,4991000064,2161250048,"Roper Technologies, Inc.",3.1803
ROST,0,43801350144,21.156399,20.017937,1.157,6.33,Apparel Retail,Consumer Cyclical,107000,United States,3054482944,5015669248,21256122368,6952072192,1145347072,"Ross Stores, Inc.",2.6291
RCL,0,70934183936,21.271172,18.279215,2.15,12.28,Travel Services,Consumer Cyclical,105950,United States,5942000128,20118999040,16755999744,8305999872,1198875008,Royal Caribbean Cruises Ltd.,0.9898
SPGI,0,154557497344,39.526665,29.980072,1.195,12.75,Financial Data & Stock Exchanges,Financial Services,42350,United States,7144000000,12024999936,14494000128,10060999680,5187999744,S&P Global Inc.,2.2001
CRM,0,250591494144,41.085423,23.551212,1.377,6.38,Software - Application,Technology,76453,United States,11205999616,12019999744,38591000576,29845000192,14429875200,"Salesforce, Inc.",1.4259
SBAC,0,24421173248,30.104633,24.786259,0.78,7.55,REIT - Specialty,Real Estate,1720,United States,1788802944,14641131520,2686020096,2062710016,455928512,SBA Communications Corporation,1.6697
SLB,0,48431915008,12.152542,9.768392,1.026,2.95,Oil & Gas Equipment & Services,Energy,110000,United States,8221000192,14138000384,36072001536,7394999808,3030749952,Schlumberger N.V.,3.5365
STX,0,27092682752,18.369066,13.161341,1.428,6.95,Computer Hardware,Technology,30000,Singapore,1891000064,5145999872,8540000256,2886000128,190875008,Seagate Technology Holdings PLC,0.3379
SRE,0,49095356416,16.545053,14.645914,0.656,4.55,Utilities - Diversified,Utilities,16773,United States,5400000000,38085001216,13347000320,5505999872,-5204125184,DBA Sempra,2.0167
NOW,0,205695713280,135.09796,59.45928,0.956,7.35,Software - Application,Technology,26293,United States,2110000000,2399000064,11468999680,9050999808,3713125120,"ServiceNow, Inc.",2.2447
SHW,0,85944860672,32.415405,26.835289,1.212,10.58,Specialty Chemicals,Basic Materials,63890,United States,4433699840,13628000256,23036899328,11223199744,1882837504,Sherwin-Williams Company (The),3.5943
SPG,0,59216482304,25.042265,23.158554,1.486,6.27,REIT - Retail,Real Estate,2600,United States,4446823936,25273774080,5994220032,4937442816,1983254400,"Simon Property Group, Inc.",
SWKS,0,10789771264,28.07422,11.229688,1.155,2.56,Semiconductors,Technology,10100,United States,895699968,1209600000,3952199936,1627500032,1029425024,"Skyworks Solutions, Inc.",2.0573
SJM,0,10374593536,,9.258309,0.333,-11.57,Packaged Foods,Consumer Defensive,,United States,2166099968,7677599744,8726099968,3393799936,647312512,The J.M. Smucker Company,2.0751
SW,0,22279514112,52.048782,11.822715,1.017,0.82,Packaging & Containers,Consumer Cyclical,100000,Ireland,3575000064,14218999808,25834999808,5062000128,-1627874944,Smurfit WestRock plc,0.3241
SNA,0,16390090752,16.393305,15.578528,0.766,19.12,Tools & Accessories,Industrials,13000,United States,1449900032,1301600000,5069700096,2638599936,811500032,Snap-On Incorporated,2.3841
SOLV,0,12885799936,34.322025,13.468137,,2.17,Medical Instruments & Supplies,Healthcare,22000,United States,1416000000,7912999936,8307999744,4563999744,1045374976,Solventum Corporation,
SO,0,99556188160,21.70024,20.946758,0.367,4.17,Utilities - Regulated Electric,Utilities,28314,United States,13374999552,70119997440,27853000704,13838999552,407249984,Southern Company (The),3.8566
LUV,0,18440863744,36.35955,20.352201,1.227,0.89,Airlines,Industrials,71506,United States,1891000064,7994999808,27581999104,6115999744,-837249984,Southwest Airlines Company,0.552
SWK,0,10267527168,28.120764,12.088343,1.172,2.36,Tools & Accessories,Industrials,48000,United States,1566099968,7214499840,15240800256,4571899904,738774976,"Stanley Black & Decker, Inc.",
SBUX,0,107048878080,34.254543,25.32258,0.99,2.75,Restaurants,Consumer Cyclical,361000,United States,6058200064,26031900672,36347301888,9097900032,1848912512,Starbucks Corporation,2.45
STT,0,27645544448,10.916667,10.379015,1.463,8.88,Asset Management,Financial Services,52711,United States,,64741998592,13086000128,13086000128,,State Street Corporation,1.0591
STLD,0,19793371136,17.520369,13.279881,1.394,7.61,Steel,Basic Materials,13000,United States,1964616960,4196079104,17215582208,2308332032,-482931744,"Steel Dynamics, Inc.",
STE,0,23965460480,39.548702,24.435305,0.943,6.16,Medical Devices,Healthcare,17787,United States,1464445952,2202540032,5459514880,2418995968,1609312256,STERIS plc (Ireland),1.9649
SYK,0,145857085440,51.715446,28.208427,0.927,7.38,Medical Devices,Healthcare,53000,United States,6176999936,17355999232,23217999872,15022000128,3028375040,Stryker Corporation,2.2202
SMCI,0,24945379328,22.715923,9.857854,1.397,1.84,Computer Hardware,Technology,5684,United States,1364608000,2647895040,21569720320,2431848960,-272670496,"Super Micro Computer, Inc.",
SYF,0,23115395072,8.318493,9.385626,1.428,7.3,Credit Services,Financial Services,20000,United States,,17009000448,8705000448,8705000448,,Synchrony Financial,
SNPS,0,75429158912,56.13566,32.69232,1.11,8.66,Software - Infrastructure,Technology,20000,United States,1471897984,10742250496,6221316096,5064891904,1938772352,"Synopsys, Inc.",19.2506
SYY,0,36264296448,19.33075,15.205284,0.817,3.87,Food Distribution,Consumer Defensive,76000,United States,4435999744,14609000448,80787996672,14821000192,2215365888,Sysco Corporation,1.4219
TMUS,0,259541155840,22.300488,21.42268,0.628,10.25,Telecom Services,Communication Services,70000,United States,31601999872,121691996160,82691997696,52799000576,9022624768,"T-Mobile US, Inc.",1.0617
TROW,0,20429903872,10.525539,9.917647,1.513,8.81,Asset Management,Financial Services,8084,United States,2832999936,516600000,7107299840,3721799936,935237504,"T. Rowe Price Group, Inc.",2.944
TTWO,0,42792816640,,29.845024,1.029,-25.58,Electronic Gaming & Multimedia,Communication Services,12928,United States,448900000,4105900032,5633600000,3276699904,1150724992,"Take-Two Interactive Software, ",3.7379
TPR,0,16654661632,21.102633,16.846638,1.478,3.8,Luxury Goods,Consumer Cyclical,12500,United States,1542200064,4107699968,6878600192,5165000192,575350016,"Tapestry, Inc.",1.1244
TRGP,0,37759184896,32.05525,21.072638,1.071,5.43,Oil & Gas Midstream,Energy,3370,United States,4060000000,16208700416,16380600320,5637799936,-188950000,"Targa Resources, Inc.",1.3928
TGT,0,44030337024,10.648901,9.220266,1.212,9.1,Discount Stores,Consumer Defensive,440000,United States,8961000448,19463000064,105881001984,29721999360,2960250112,Target Corporation,2.3216
TEL,0,48805707776,35.778263,18.307009,1.222,4.6,Electronic Components,Technology,85000,Ireland,3848000000,5678000128,16026000384,5587999744,1521624960,TE Connectivity plc,2.9112
TDY,0,23120846848,28.243275,22.992079,1.051,17.47,Scientific & Technical Instruments,Technology,14900,United States,1393299968,2964800000,5769800192,2474400000,876275008,Teledyne Technologies Incorpora,
TER,0,13588376576,23.995752,19.930588,1.673,3.53,Semiconductor Equipment & Materials,Technology,6500,United States,723016000,68763000,2905741056,1724980992,499388512,"Teradyne, Inc.",1.4383
TSLA,0,1044304494592,184.21677,100.06836,2.461,1.76,Auto Manufacturers,Consumer Cyclical,125665,United States,12549999616,13127999488,95724003328,16906999808,3360000000,"Tesla, Inc.",5.5522
TXN,0,180086407168,37.6148,33.712585,0.99,5.27,Semiconductors,Technology,34000,United States,7097999872,12848000000,16049000448,9312000000,-257000000,Texas Instruments Incorporated,2.1204
TPL,0,25520959488,55.59439,15.183533,1.13,19.97,Oil & Gas E&P,Energy,111,United States,591700992,0,727664000,680625984,-52545248,Texas Pacific Land Corporation,
TXT,0,14127177728,17.623873,11.679105,1.163,4.44,Aerospace & Defense,Industrials,34000,United States,1523000064,4100999936,13873000448,2484999936,584625024,Textron Inc.,0.9108
TMO,0,155072659456,24.065321,17.488081,0.78,17.07,Diagnostics & Research,Healthcare,125000,United States,10826000384,34258999296,42898001920,17774999552,5770375168,Thermo Fisher Scientific Inc,1.597
TJX,0,139251679232,29.43868,27.134783,0.903,4.24,Apparel Retail,Consumer Cyclical,364000,United States,7414000128,13061999616,56991997952,17372999680,2886874880,"TJX Companies, Inc. (The)",2.8206
TKO,0,13401276416,83.21574,50.59722,,1.97,Entertainment,Communication Services,,United States,730153024,3069408000,2850693120,1988846976,399396736,"TKO Group Holdings, Inc.",
TSCO,0,27432704000,25.741295,4.6486974,0.734,2.01,Specialty Retail,Consumer Cyclical,52000,United States,1916492032,5761726976,14955348992,5431124992,498994112,Tractor Supply Company,2.4357
TT,0,94564089856,34.92751,33.519367,1.172,12.14,Building Products & Equipment,Industrials,45000,Ireland,3934000128,4771299840,20311199744,7298100224,2439650048,Trane Technologies plc,3.2608
TDG,0,81599283200,49.114098,33.41295,1.047,29.58,Aerospace & Defense,Industrials,16600,United States,4256999936,25103998976,8387999744,5013000192,2083124992,Transdigm Group Incorporated,3.9442
TRV,0,60165394432,14.447769,12.49647,0.537,18.38,Insurance - Property & Casualty,Financial Services,34000,United States,6377999872,8032999936,47004999680,11543000064,15715749888,"The Travelers Companies, Inc.",3.3733
TRMB,0,17160371200,11.733279,24.135906,1.677,6.13,Scientific & Technical Instruments,Technology,12100,United States,683200000,1391000064,3570599936,2447800064,1418562560,Trimble Inc.,2.5081
TFC,0,51718316032,,9.998354,0.815,-0.19,Banks - Regional,Financial Services,37529,United States,,58786000896,11530999808,11530999808,,Truist Financial Corporation,
TYL,0,25053890560,87.49699,53.645428,0.852,6.64,Software - Application,Technology,7462,United States,430240000,640102016,2190608896,979176000,513009984,"Tyler Technologies, Inc.",3.1373
TSN,0,19699738624,21.51751,15.8,0.585,2.57,Farm Products,Consumer Defensive,138000,United States,3489999872,9068000256,53615001600,4220000000,1389500032,"Tyson Foods, Inc.",0.4268
USB,0,67852201984,10.779703,10.057736,1.017,4.04,Banks - Regional,Financial Services,70000,United States,,80944996352,25355999232,25355999232,,U.S. Bancorp,1.6317
UBER,0,178020466688,14.908862,36.071865,1.387,5.71,Software - Application,Technology,31500,United States,4576000000,11123999744,45380001792,15244999680,5420375040,"Uber Technologies, Inc.",13.6268
UDR,0,15539775488,114.5,87.70213,0.833,0.36,REIT - Residential,Real Estate,1419,United States,1002488000,5992567808,1705219968,1133725056,617970624,"UDR, Inc.",
ULTA,0,20990943232,18.264763,20.421074,1.096,25.57,Specialty Retail,Consumer Cyclical,20000,United States,1839831040,1975202944,11418173440,4877027840,875767616,"Ulta Beauty, Inc.",2.6115
UNP,0,134255837184,20.261948,18.555326,1.052,11.09,Railroads,Industrials,30146,United States,12179000320,33904001024,24245999616,13509000192,4643250176,Union Pacific Corporation,2.8401
UAL,0,24710631424,6.884441,6.2580647,1.442,10.99,Airlines,Industrials,109200,United States,8504000000,32924999680,57736998912,20137000960,2363875072,"United Airlines Holdings, Inc.",5.1206
UPS,0,85037572096,14.660219,11.398694,1.189,6.85,Integrated Freight & Logistics,Industrials,490000,United States,11612999680,25593999360,90909999104,19434999808,4268624896,"United Parcel Service, Inc.",1.48
URI,0,45689421824,18.224657,15.000533,1.705,38.57,Rental & Leasing Services,Industrials,27900,United States,4524000256,13992999936,15578999808,6216999936,2394249984,"United Rentals, Inc.",1.4756
UNH,0,286760534016,13.232105,10.572408,0.453,23.89,Healthcare Plans,Healthcare,400000,United States,36238000128,81270996992,410057015296,90168000512,20096374784,UnitedHealth Group Incorporated,0.8451
UHS,0,11110169600,9.685956,9.493943,1.318,17.8,Medical Care Facilities,Healthcare,99300,United States,2343207936,5094129152,16084073472,6869812224,849583872,"Universal Health Services, Inc.",
VLO,0,41678327808,45.57192,13.7896385,0.972,2.92,Oil & Gas Refining & Marketing,Energy,9898,United States,5161999872,10853999616,122355998720,6055000064,4169374976,Valero Energy Corporation,6.1649
VTR,0,28693526528,192.66667,397.37503,0.908,0.33,REIT - Healthcare Facilities,Real Estate,498,United States,1928465024,12921492480,5055948800,2132519040,869675776,"Ventas, Inc.",1.7396
VLTO,0,24331274240,28.047144,26.177334,,3.5,Pollution & Treatment Controls,Industrials,17000,United States,1314000000,2814000128,5279000064,3163000064,773750016,Veralto Corp,
VRSN,0,26400923648,34.413708,32.504047,0.771,8.17,Software - Infrastructure,Technology,929,United States,1106499968,1791699968,1575399936,1383699968,760762496,"VeriSign, Inc.",2.4051
VRSK,0,43715149824,46.092922,42.868313,0.878,6.78,Consulting Services,Industrials,7800,United States,1404899968,3935399936,2930700032,2026599936,833550016,"Verisk Analytics, Inc.",4.2349
VZ,0,181488484352,10.24881,9.100423,0.38,4.2,Telecom Services,Communication Services,99400,United States,49336999936,172533006336,135292002304,81199996928,17040874496,Verizon Communications Inc.,2.1401
VRTX,0,117818458112,,24.44326,0.418,-3.82,Biotechnology,Healthcare,6100,United States,4584399872,1649100032,11099700224,5892899840,2634387456,Vertex Pharmaceuticals Incorpor,2.7403
VTRS,0,10627673088,,3.3913858,0.892,-3.18,Drug Manufacturers - Specialty & Generic,Healthcare,32000,United States,4216499968,14458500096,14330200064,5830700032,6115174912,Viatris Inc.,0.1499
VICI,0,34063048704,12.894,11.807693,0.724,2.5,REIT - Diversified,Real Estate,27,United States,3498725888,17764276224,3881927936,3850885120,1063830016,VICI Properties Inc.,
V,0,677974769664,35.568844,27.954977,0.943,9.95,Credit Services,Financial Services,,United States,26225000448,20761999360,37620998144,36781998080,14747499520,Visa Inc.,2.134
VST,0,59542585344,27.80824,25.430435,1.246,6.31,Utilities - Independent Power Producers,Utilities,6850,United States,6762999808,17713999872,18102999040,7478000128,2785625088,Vistra Corp.,5.4242
VMC,0,34838466560,37.039326,29.044054,0.836,7.12,Building Materials,Basic Materials,11971,United States,2132999936,5533300224,7506599936,2060000000,859037504,Vulcan Materials Company (Holdi,2.3811
WRB,0,27914911744,17.073086,16.916092,0.432,4.31,Insurance - Property & Casualty,Financial Services,8606,United States,2400033024,3065665024,13929377792,6039561216,3696998400,W.R. Berkley Corporation,18.342
GWW,0,51541258240,27.552647,25.478508,1.212,38.94,Industrial Distribution,Industrials,23500,United States,2916999936,2679000064,17238999040,6800000000,1247750016,"W.W. Grainger, Inc.",2.3956
WAB,0,34795048960,31.869905,23.949352,1.128,6.38,Railroads,Industrials,29500,United States,2184999936,4312000000,10499999744,3484999936,1158499968,Westinghouse Air Brake Technolo,
WBA,0,9819099136,,7.724489,0.746,-6.69,Pharmaceutical Retailers,Healthcare,193000,United States,1326000000,31107000320,151946002432,26427000832,3674125056,"Walgreens Boots Alliance, Inc.",
WMT,0,756464025600,40.50855,34.849266,0.693,2.34,Discount Stores,Consumer Defensive,2100000,United States,42757001216,68693000192,685086015488,170461003776,9960500224,Walmart Inc.,3.6195
DIS,0,212296286208,24.099998,22.930096,1.552,4.9,Entertainment,Communication Services,177080,United States,19120001024,42888998912,94039998464,34885001216,9386999808,Walt Disney Company (The),0.9399
WBD,0,24852033536,,-77.26923,1.517,-4.4,Entertainment,Communication Services,35000,United States,7584999936,37425999872,38342000640,16600999936,19488999424,"Warner Bros. Discovery, Inc. - ",
WM,0,95857614848,35.875,29.51797,0.668,6.64,Waste Management,Industrials,61700,United States,6732000256,23836999680,22922000384,9031999488,1166375040,"Waste Management, Inc.",3.0919
WAT,0,20730144768,31.639647,26.941416,1.117,11.01,Diagnostics & Research,Healthcare,7600,United States,1037862976,1542098048,2983252992,1768093056,588827520,Waters Corporation,2.3018
WEC,0,33732464640,20.604288,20.249043,0.439,5.13,Utilities - Regulated Electric,Utilities,7000,United States,3583500032,20545499136,9069200384,3945200128,-755025024,"WEC Energy Group, Inc.",2.6003
WFC,0,239784247296,13.252698,13.421676,1.155,5.56,Banks - Diversified,Financial Services,215367,United States,,328864006144,77254000640,77254000640,,Wells Fargo & Company,1.6804
WELL,0,99201253376,86.190346,83.3489,0.921,1.76,REIT - Healthcare Facilities,Real Estate,685,United States,3153949952,17012786176,8554464256,3351672064,2852324608,Welltower Inc.,3.3146
WST,0,16196108288,35.444965,29.977392,1.09,6.36,Medical Instruments & Supplies,Healthcare,10600,United States,756499968,307400000,2895800064,1000200000,233512496,"West Pharmaceutical Services, I",3.7781
WDC,0,19544145920,19.18493,6.358683,1.543,2.92,Computer Hardware,Technology,51000,United States,2289999872,,15605000192,4456999936,1406375040,Western Digital Corporation,
WY,0,19502592000,54.87755,31.26744,1.169,0.49,REIT - Specialty,Real Estate,9400,United States,1142000000,5189000192,7090999808,1292999936,483500000,Weyerhaeuser Company,1.8361
WSM,0,19083755520,17.936995,19.084255,1.477,8.65,Specialty Retail,Consumer Cyclical,19600,United States,1636894976,1368814976,7781305856,3552940032,835529152,"Williams-Sonoma, Inc.",2.0731
WMB,0,72943140864,32.11828,28.583735,0.679,1.86,Oil & Gas Midstream,Energy,5829,United States,5696000000,27410999296,11082999808,6642999808,803500032,"Williams Companies, Inc. (The)",2.6036
WTW,0,29739982848,,16.580984,0.706,-0.45,Insurance Brokers,Financial Services,49000,United Kingdom,2556000000,5928000000,9811999744,4392000000,688875008,Willis Towers Watson Public Lim,
WDAY,0,66171793408,137.89445,29.90482,1.236,1.8,Software - Application,Technology,20515,United States,967000000,3392999936,8696000512,6578999808,2373750016,"Workday, Inc.",1.1005
WYNN,0,8882384896,22.71524,16.923307,1.372,3.74,Resorts & Casinos,Consumer Cyclical,28000,United States,1680557952,12184398848,6965449216,4773491200,494949632,"Wynn Resorts, Limited",3.3409
XEL,0,39231283200,20.00588,17.75979,0.385,3.4,Utilities - Regulated Electric,Utilities,11380,United States,5358000128,32391000064,13697999872,6048000000,-3678500096,Xcel Energy Inc.,2.721
XYL,0,30849363968,34.26189,26.68821,1.123,3.7,Specialty Industrial Machinery,Industrials,23000,United States,1727000064,2136000000,8597999616,3228000000,985500032,Xylem Inc.,2.4626
YUM,0,40182620160,28.796812,23.776316,0.736,5.02,Restaurants,Consumer Cyclical,40000,United States,2747000064,12225999872,7737999872,3620999936,1278625024,"Yum! Brands, Inc.",1.9797
ZBRA,0,14648073216,27.250711,17.957605,1.754,10.57,Communication Equipment,Technology,9900,United States,963000000,2360999936,5113999872,2495000064,888625024,Zebra Technologies Corporation,1.2904
ZBH,0,18328639488,20.586666,10.772093,0.72,4.5,Medical Devices,Healthcare,17000,United States,2554400000,7325400064,7698500096,5481299968,1321200000,"Zimmer Biomet Holdings, Inc.",1.2156
ZTS,0,73864462336,29.786356,26.16877,0.944,5.57,Drug Manufacturers - Specialty & Generic,Healthcare,13800,United States,3867000064,6778999808,9285999616,6589000192,2299624960,Zoetis Inc.,2.8739
YPF,0,14367187968,8.51282,7.770213,0.766,4.29,Oil & Gas Integrated,Energy,,Argentina,4219265089536,11001791512576,19163655438336,5234875170816,-1461666447360,YPF Sociedad Anonima,
GGAL,0,8933460992,7.061784,7.785815,1.023,7.85,Banks - Regional,Financial Services,5578,Argentina,,4654509850624,5662748180480,5519574564864,,Grupo Financiero Galicia S.A.,
BMA,0,4814102016,,7.5543475,0.932,-0.83,Banks - Regional,Financial Services,8903,Argentina,,523127226368,2856117338112,2803753287680,,Banco Macro S.A.,
BBAR,0,3749791232,11.54717,13.6,0.517,1.59,Banks - Regional,Financial Services,6399,Argentina,,1565690691584,2784762527744,2737369513984,,Banco BBVA Argentina S.A.,
CEPU,0,1887441536,43.31035,13.221053,0.116,0.29,Utilities - Regulated Electric,Utilities,,Argentina,301427949568,410474610688,748170051584,296248442880,139496062976,Central Puerto S.A.,
LOMA,0,1386360320,17.217392,13.655172,1.063,0.69,Building Materials,Basic Materials,,Argentina,167775043584,200380792832,683243339776,184658427904,-10691885056,Loma Negra Compania Industrial ,
SUPV,0,1006378752,29.73077,10.352678,1.041,0.39,Banks - Regional,Financial Services,3442,Argentina,,355531456512,797298982912,797298982912,,Grupo Supervielle S.A.,
TSLL,0,,73.56577,,,,,,,,,,,,,Direxion Daily TSLA Bull 2X Sha,
SOXL,0,,32.25708,,,,,,,,,,,,,Direxion Daily Semiconductor Bu,
SQQQ,0,,,,,,,,,,,,,,,ProShares UltraPro Short QQQ,
SOXS,0,,,,,,,,,,,,,,,Direxion Daily Semiconductor Be,
TQQQ,0,,32.379505,,,,,,,,,,,,,ProShares UltraPro QQQ,
TSLZ,0,,,,,,,,,,,,,,,ETF Opportunities Trust T-Rex 2,
SPY,0,551669596160,25.983465,,,,,,,,,,,,,SPDR S&P 500,
SPXS,0,,,,,,,,,,,,,,,Direxion Daily S&P 500 Bear 3X,
MSTU,0,,,,,,,,,,,,,,,ETF Opportunities Trust T-Rex 2,
HYG,0,15533574144,10.919653,1323.5834,,,,,,,,,,,,iShares iBoxx $ High Yield Corp,
QQQ,0,208789176320,31.108685,,,,,,,,,,,,,"Invesco QQQ Trust, Series 1",
MSTZ,0,,,,,,,,,,,,,,,ETF Opportunities Trust T-Rex 2,
TLT,0,9446815744,,-4305.75,,,,,,,,,,,,iShares 20+ Year Treasury Bond ,
FXI,0,4756083712,10.469076,,,,,,,,,,,,,iShares China Large-Cap ETF,
AMDL,0,,,,,,,,,,,,,,,GraniteShares 2x Long AMD Daily,
XLF,0,44472619008,17.795597,,,,,,,,,,,,,SPDR Select Sector Fund - Finan,
IBIT,0,,,,,,,,,,,,,,,iShares Bitcoin Trust ETF,
LQD,0,31630493696,32.588448,,,,,,,,,,,,,iShares iBoxx $ Investment Grad,
EWZ,0,5633449472,10.380504,,,,,,,,,,,,,iShares Inc iShares MSCI Brazil,
NVDQ,0,,,,,,,,,,,,,,,ETF Opportunities Trust T-Rex 2,
NVDX,0,,41.214787,,,,,,,,,,,,,ETF Opportunities Trust T-Rex 2,
TSLQ,0,,63.13056,,,,,,,,,,,,,Tradr 2X Short TSLA Daily ETF,
NVDL,0,,,,,,,,,,,,,,,GraniteShares 2x Long NVDA Dail,
SMST,0,,,,,,,,,,,,,,,Defiance Daily Target 2x Short ,
KWEB,0,,17.310823,,,,,,,,,,,,,KraneShares Trust KraneShares C,
