ticker,Index,marketCap,trailingPE,forwardPE,beta,trailingEps,industry,sector,fullTimeEmployees,country,ebitda,totalDebt,totalRevenue,grossProfits,freeCashflow,shortName,trailingPegRatio
MMM,0,84299358208,21.981945,20.034178,1.104,7.2,Conglomerates,Industrials,61500,United States,5794999808,13781999616,24601999360,10113999872,-3343749888,3M Company,3.5949
AOS,0,10180445184,20.23677,17.850122,1.22,3.59,Specialty Industrial Machinery,Industrials,12700,United States,768099968,332900000,3790200064,1447900032,412337504,A.O. Smith Corporation,1.944
ABT,0,224658587648,16.195734,25.015505,0.705,7.97,Medical Devices,Healthcare,114000,United States,11452999680,13470000128,43108999168,24277999616,5919750144,Abbott Laboratories,
ABBV,0,353868480512,94.93603,16.514015,0.503,2.11,Drug Manufacturers - General,Healthcare,55000,United States,28074000384,70584999936,58327998464,41556000768,20039749632,AbbVie Inc.,0.4194
ACN,0,152564727808,19.501991,17.409027,1.29,12.56,Information Technology Services,Technology,791000,Ireland,11767775232,8165258240,68482535424,21961922560,9149394944,Accenture plc,1.8336
ADBE,0,146764726272,22.178205,16.83601,1.517,15.6,Software - Application,Technology,30709,United States,8883999744,6581000192,22601000960,20170999808,8323500032,Adobe Inc.,0.9725
AMD,0,298561994752,110.828316,36.073532,1.94,1.66,Semiconductors,Technology,28000,United States,5510000128,3886000128,29600000000,15091999744,2332999936,"Advanced Micro Devices, Inc.",0.8289
AES,0,9267331072,10.011539,6.41133,0.956,1.3,Utilities - Diversified,Utilities,9100,United States,3076000000,30891999232,12032000000,2036000000,-4700375040,The AES Corporation,
AFL,0,56261545984,23.692568,14.671548,0.814,4.44,Insurance - Life,Financial Services,12694,United States,3446000128,14974999552,15909999616,6584999936,4043249920,AFLAC Incorporated,
A,0,33977014272,29.460592,21.16991,1.219,4.06,Diagnostics & Research,Healthcare,18000,United States,1835000064,3684000000,6627999744,3551000064,1048374976,"Agilent Technologies, Inc.",1.723
APD,0,64999120896,41.36827,20.61115,0.818,7.06,Specialty Chemicals,Basic Materials,21850,United States,4369200128,18370400256,12057900032,3843000064,-4705900032,"Air Products and Chemicals, Inc",7.1482
ABNB,0,75898904576,30.089808,27.54889,1.133,4.12,Travel Services,Consumer Cyclical,7300,United States,2654000128,2281999872,11580000256,9637999616,3383124992,"Airbnb, Inc.",1.7676
AKAM,0,10647844864,26.240284,11.116767,0.765,2.83,Software - Infrastructure,Technology,10944,United States,1150509056,5271114752,4083250944,2414608896,491393984,"Akamai Technologies, Inc.",0.9187
ALB,0,9420524544,,43.505436,1.638,-9.33,Specialty Chemicals,Basic Materials,8300,United States,473204000,3746203904,4993277952,407654016,-251354496,Albemarle Corporation,
ARE,0,12571893760,,21.406977,1.253,-0.13,REIT - Office,Real Estate,552,United States,1978750976,13657519104,3097996032,2173470976,1351669632,Alexandria Real Estate Equities,
ALGN,0,10556556288,24.642132,14.194444,1.611,5.91,Medical Instruments & Supplies,Healthcare,21485,United States,799243008,123020000,3964802048,2772770048,676427136,"Align Technology, Inc.",0.8875
ALLE,0,14373277696,23.221912,21.492939,1.061,7.21,Security & Protection Services,Industrials,14400,Ireland,934000000,2230400000,3876600064,1737799936,548974976,Allegion plc,2.0194
LNT,0,16664438784,20.015432,20.077398,0.532,3.24,Utilities - Regulated Electric,Utilities,2998,United States,1812999936,11306999808,4144000000,1952000000,-1308000000,Alliant Energy Corporation,2.0657
ALL,0,55154229248,9.849882,10.998948,0.343,21.25,Insurance - Property & Casualty,Financial Services,55000,United States,7423000064,8090999808,66218000384,16284000256,2785499904,Allstate Corporation (The),1.6416
GOOGL,0,2453107376128,21.608335,22.597109,1.014,9.37,Internet Content & Information,Communication Services,187103,United States,140840992768,41668001792,371399000064,218911997952,49786499072,Alphabet Inc.,1.5115
GOOG,0,2455675076608,21.71825,22.73743,1.014,9.37,Internet Content & Information,Communication Services,187103,United States,140840992768,41668001792,371399000064,218911997952,49786499072,Alphabet Inc.,1.5176
MO,0,109621223424,12.621856,12.197196,0.623,5.17,Tobacco,Consumer Defensive,6200,United States,12572999680,24719998976,20259000320,14531999744,7045499904,"Altria Group, Inc.",
AMZN,0,2393523355648,34.21189,36.49268,1.314,6.56,Internet Retail,Consumer Cyclical,1546000,United States,133831999488,159570001920,670038032384,332382994432,31024001024,"Amazon.com, Inc.",2.5734
AMCR,0,22535329792,17.5625,12.449367,0.735,0.56,Packaging & Containers,Consumer Cyclical,41000,Switzerland,1899000064,9315999744,13461999616,2692999936,658000000,Amcor plc,1.9393
AEE,0,27438501888,22.301098,20.623983,0.461,4.55,Utilities - Regulated Electric,Utilities,8981,United States,3300999936,19981000704,8119000064,3787000064,-2363624960,Ameren Corporation,2.5213
AEP,0,60410441728,16.56305,19.178268,0.388,6.82,Utilities - Regulated Electric,Utilities,16330,United States,8572599808,46672498688,20666699776,10077100032,-4070799872,American Electric Power Company,2.4734
AXP,0,211071451136,21.285263,20.060516,1.283,14.25,Credit Services,Financial Services,75100,United States,,60722999296,63435001856,40754999296,,American Express Company,2.0439
AIG,0,44100268032,14.879028,11.863308,0.645,5.35,Insurance - Diversified,Financial Services,22200,United States,8542000128,9258000384,27395999744,9105000448,13649750016,"American International Group, I",
AMT,0,95495110656,38.19101,30.035347,0.832,5.34,REIT - Specialty,Real Estate,4691,United States,6625500160,45213200384,10259600384,7630199808,4460037632,American Tower Corporation (REI,
AWK,0,27907936256,25.727518,25.095615,0.644,5.56,Utilities - Regulated Water,Utilities,6700,United States,2667000064,15072000000,4942000128,2979000064,-1340499968,"American Water Works Company, I",3.6834
AMP,0,47113588736,15.564136,12.937209,1.233,32.11,Asset Management,Financial Services,13600,United States,,3515000064,18179999744,10264999936,4572125184,"Ameriprise Financial, Inc.",2.0306
AME,0,42676834304,29.756039,25.313013,1.103,6.21,Specialty Industrial Machinery,Industrials,21500,United States,2204409088,2198699008,6980192768,2492248064,1420693376,"AMETEK, Inc.",2.9173
AMGN,0,155242053632,23.578087,13.950652,0.48,12.23,Drug Manufacturers - General,Healthcare,28000,United States,16053999616,56204001280,34916999168,24217999360,10363249664,Amgen Inc.,0.9622
APH,0,132262273024,43.159363,50.152775,1.133,2.51,Electronic Components,Technology,125000,United States,5217099776,8062400000,18818000896,6630900224,1797137536,Amphenol Corporation,2.0719
ADI,0,116221280256,63.468834,31.061008,1.052,3.69,Semiconductors,Technology,24000,United States,4371051008,7219018240,9818655744,5769280000,2982311936,"Analog Devices, Inc.",1.3573
ANSS,0,32906993664,55.534126,29.581144,1.189,6.74,Software - Application,Technology,6600,United States,878038976,860905024,2583095040,2388879104,772483648,"ANSYS, Inc.",2.4662
AON,0,80103276544,31.322935,21.362278,0.832,11.86,Insurance Brokers,Financial Services,60000,Ireland,5312000000,18178000896,16752000000,7801999872,3132000000,Aon plc,1.7826
APA,0,7241194496,7.003079,7.3595996,1.229,2.89,Oil & Gas E&P,Energy,2305,United States,5850999808,4664000000,9804000256,6501000192,2154249984,APA Corporation,
APO,0,79709102080,25.997202,16.432194,1.607,5.36,Asset Management,Financial Services,5333,United States,,34766999552,25176000512,10405999616,,"Apollo Global Management, Inc. ",
AAPL,0,3461597626368,35.395294,28.069193,1.165,6.59,Consumer Electronics,Technology,150000,United States,141696008192,101698002944,408624988160,190739005440,94873747456,Apple Inc.,2.0861
AMAT,0,151623974912,22.985401,19.498453,1.694,8.22,Semiconductor Equipment & Materials,Technology,36000,United States,8744999936,6670000128,28088999936,13521000448,3740875008,"Applied Materials, Inc.",1.8742
APTV,0,16144726016,16.773756,10.621777,1.484,4.42,Auto Parts,Consumer Cyclical,141000,Switzerland,3132999936,8348000256,19793999872,3799000064,1559000064,Aptiv PLC,0.9892
ACGL,0,33391992832,9.252327,9.897124,0.475,9.67,Insurance - Diversified,Financial Services,7200,Bermuda,4661000192,2728000000,19156000768,6480000000,8082999808,Arch Capital Group Ltd.,
ADM,0,28179214336,25.500002,11.568048,0.662,2.3,Farm Products,Consumer Defensive,42383,United States,2584999936,10616999936,82775998464,5272999936,1703874944,Archer-Daniels-Midland Company,
ANET,0,172153487360,53.503906,14.077082,1.37,2.56,Computer Hardware,Technology,4412,United States,3470673920,0,7950945792,5107402752,3328752384,"Arista Networks, Inc.",2.7664
AJG,0,75304067072,44.50606,26.04078,0.686,6.6,Insurance Brokers,Financial Services,55493,United States,3276999936,13375099904,11551500288,5051400192,984899968,Arthur J. Gallagher & Co.,1.1929
AIZ,0,10699621376,15.387881,11.832869,0.579,13.78,Insurance - Property & Casualty,Financial Services,14200,United States,1224700032,2084400000,12304900096,1262499968,1122649984,"Assurant, Inc.",
T,0,203607343104,16.27143,12.712053,0.622,1.75,Telecom Services,Communication Services,137550,United States,44610998272,151988994048,123984003072,73975996416,12400000000,AT&T Inc.,1.1148
ATO,0,26545852416,22.872751,23.161064,0.683,7.23,Utilities - Regulated Gas,Utilities,5260,United States,2242129920,9000753152,4623219200,2678951936,-1664760448,Atmos Energy Corporation,2.7281
ADSK,0,61097345024,61.150967,31.108389,1.468,4.67,Software - Application,Technology,15300,United States,1488999936,2544000000,6346999808,5839000064,2224250112,"Autodesk, Inc.",1.6786
ADP,0,122547781632,30.316133,27.833946,0.82,9.98,Software - Application,Technology,67000,United States,6025200128,9205600256,20560900096,9949599744,3516012544,"Automatic Data Processing, Inc.",3.5537
AZO,0,67399430144,27.292847,23.112494,0.378,147.62,Auto Parts,Consumer Cyclical,75600,United States,4301897216,12596179968,18901370880,10007842816,1520323840,"AutoZone, Inc.",2.6478
AVB,0,26842044416,23.188192,34.02888,0.866,8.13,REIT - Residential,Real Estate,2928,United States,1841537024,8832635904,3020967936,1918025984,1311696000,"AvalonBay Communities, Inc.",
AVY,0,13822238720,19.848824,16.848858,0.888,8.93,Packaging & Containers,Consumer Cyclical,35000,United States,1428800000,3550200064,8737899520,2496399872,590249984,Avery Dennison Corporation,2.162
AXON,0,58407272448,182.80098,120.0,1.362,4.07,Aerospace & Defense,Industrials,4100,United States,86806000,2051459968,2391589888,1448781952,262484368,"Axon Enterprise, Inc.",
BKR,0,41490714624,13.753268,16.375486,0.923,3.06,Oil & Gas Equipment & Services,Energy,57000,United States,4674999808,6033999872,27608999936,5914999808,1096875008,Baker Hughes Company,5.8634
BALL,0,14745032704,26.821783,15.348442,1.082,2.02,Packaging & Containers,Consumer Cyclical,16000,United States,1943000064,7026999808,12396999680,2500000000,549750016,Ball Corporation,
BAC,0,350089478144,13.860703,12.913934,1.315,3.41,Banks - Diversified,Financial Services,213000,United States,,819272024064,98455003136,98455003136,,Bank of America Corporation,1.3807
BAX,0,12383401984,,8.371528,0.591,-0.48,Medical Instruments & Supplies,Healthcare,38000,United States,2039000064,9724999680,10887000064,4228999936,1707250048,Baxter International Inc.,
BDX,0,56012648448,35.660583,12.423395,0.224,5.48,Medical Instruments & Supplies,Healthcare,70000,United States,5919000064,19341000704,21386000384,10085000192,3369374976,"Becton, Dickinson and Company",0.9754
BRK.B,0,,,,,,,,,,,,,,,,
BBY,0,15170488320,17.507317,10.494152,1.228,4.1,Specialty Retail,Consumer Cyclical,85000,United States,2592999936,4059000064,41448001536,9370000384,1394499968,"Best Buy Co., Inc.",2.1767
TECH,0,8528125440,118.26087,24.840183,1.394,0.46,Biotechnology,Healthcare,3100,United States,233003008,444057984,1219634944,811116992,230401504,Bio-Techne Corp,1.4731
BIIB,0,19762235392,12.886232,8.090636,0.133,10.46,Drug Manufacturers - General,Healthcare,7605,United States,3222400000,6594599936,9996999680,7556199936,2272062464,Biogen Inc.,
BLK,0,178778554368,27.886593,23.513342,1.432,41.4,Asset Management,Financial Services,22700,United States,8566000128,14709999616,21572999168,10574999552,5909250048,"BlackRock, Inc.",2.519
BX,0,215471898624,47.416218,30.092625,1.699,3.7,Asset Management,Financial Services,4895,United States,,14149222400,13505741824,13505741824,,Blackstone Inc.,3.0459
BK,0,71599595520,15.523701,15.547473,1.118,6.54,Banks - Diversified,Financial Services,49900,United States,,76559998976,19271000064,19271000064,,The Bank of New York Mellon Cor,1.1961
BA,0,175080816640,,492.63828,1.476,-16.54,Aerospace & Defense,Industrials,172000,United States,-7007000064,55646998528,75326996480,-115000000,-6363874816,Boeing Company (The),
BKNG,0,176198369280,37.84851,25.906885,1.413,143.64,Travel Services,Consumer Cyclical,24800,United States,8947999744,19239000064,25024999424,21714999296,7627125248,Booking Holdings Inc. Common St,1.3737
BSX,0,152294260736,61.178574,36.83871,0.66,1.68,Medical Devices,Healthcare,53000,United States,4704999936,12026999808,18493999104,12583999488,2937874944,Boston Scientific Corporation,1.783
BMY,0,96439148544,19.028112,6.739687,0.372,2.49,Drug Manufacturers - General,Healthcare,34100,United States,19114000384,50988998656,47703998464,35262001152,16182750208,Bristol-Myers Squibb Company,
AVGO,0,1453276397568,112.356224,50.077732,1.167,2.75,Semiconductors,Technology,37000,United States,31113000960,40456998912,57045999616,43945000960,26148749312,Broadcom Inc.,1.4672
BR,0,30792044544,37.078987,28.116577,0.951,7.09,Information Technology Services,Technology,15000,United States,1686700032,3459000064,6889099776,2136800000,1036300032,"Broadridge Financial Solutions,",2.1044
BRO,0,31567626240,27.580692,23.399755,0.783,3.47,Insurance Brokers,Financial Services,17403,United States,1706000000,7776999936,4956000256,2443000064,1000625024,"Brown & Brown, Inc.",
BF.B,0,,,,,,,,,,,,,,,,
BLDR,0,15765107712,21.574886,12.241202,1.685,6.61,Building Products & Equipment,Industrials,29000,United States,1798644992,5314510848,15944359936,5034787840,969905152,"Builders FirstSource, Inc.",
BG,0,16397081600,8.262096,8.812903,0.646,9.92,Farm Products,Consumer Defensive,37000,United States,1872999936,12213000192,50861998080,3129999872,-1082375040,Bunge Limited,
BXP,0,11446225920,3237.0,34.62032,1.192,0.02,REIT - Office,Real Estate,816,United States,1896273024,16584486912,3410208000,2056929024,1100467840,"BXP, Inc.",0.3348
CHRW,0,14229965824,27.448748,25.315125,0.863,4.39,Integrated Freight & Logistics,Industrials,13166,United States,825905024,1691725056,17012580352,1396706944,576097024,"C.H. Robinson Worldwide, Inc.",2.5805
CDNS,0,95123529728,94.09434,50.962044,0.975,3.71,Software - Application,Technology,13152,United States,1786873984,2478145024,5089287168,4354952192,1514491648,"Cadence Design Systems, Inc.",3.6047
CZR,0,5274656256,,18.925297,2.402,-0.93,Resorts & Casinos,Consumer Cyclical,50000,United States,3588999936,26040000512,11374000128,5818999808,186250000,"Caesars Entertainment, Inc.",
CPT,0,11239867392,73.55945,64.9321,0.791,1.43,REIT - Residential,Real Estate,1660,United States,886972992,3828363008,1570124032,964382016,701680384,Camden Property Trust,
CPB,0,9714565120,21.723333,9.555718,0.083,1.5,Packaged Foods,Consumer Defensive,14400,United States,1855000064,7264999936,10225000448,3131000064,681625024,The Campbell's Company,0.5661
COF,0,138046144512,583.4054,13.784163,1.165,0.37,Credit Services,Financial Services,76500,United States,,55851999232,23772999680,23772999680,,Capital One Financial Corporati,0.9501
CAH,0,35204857856,23.082943,17.071758,,6.39,Medical Distribution,Healthcare,,United States,3112000000,8527000064,222577999872,8168000000,1869874944,"Cardinal Health, Inc.",0.7189
KMX,0,8648649728,15.91989,15.286472,1.358,3.62,Auto & Truck Dealerships,Consumer Cyclical,30000,United States,1165739008,19486978048,28673363968,3576058112,57066124,CarMax Inc,0.5297
CCL,0,41090076672,15.866545,17.619244,2.707,1.91,Travel Services,Consumer Cyclical,115000,United States,6816000000,28653000704,25972000768,14206999552,2056000000,Carnival Corporation,
CARR,0,56882372608,38.41379,21.986841,1.256,1.74,Building Products & Equipment,Industrials,48000,United States,3344000000,11886999552,22463000576,6046000128,2310249984,Carrier Global Corporation,18.1977
CAT,0,193132822528,20.990582,18.611965,1.397,19.64,Farm & Heavy Construction Machinery,Industrials,112900,United States,14007000064,40747999232,63139000320,19591999488,4527875072,"Caterpillar, Inc.",2.0081
CBOE,0,25787709440,28.938965,26.858387,0.456,8.52,Financial Data & Stock Exchanges,Financial Services,1685,United States,1429200000,1600800000,4531800064,2208999936,1037699968,"Cboe Global Markets, Inc.",
CBRE,0,47055187968,44.42135,26.356667,1.347,3.56,Real Estate Services,Real Estate,140000,United States,2395000064,9729000448,38103998464,7417999872,640875008,CBRE Group Inc,1.1167
CDW,0,21725982720,20.61816,16.380436,0.94,8.04,Information Technology Services,Technology,15100,United States,1989500032,6189400064,21878300672,4719499776,957687488,CDW Corporation,
COR,0,56589111296,29.967148,17.841076,0.579,9.74,Medical Distribution,Healthcare,51000,United States,4568678912,10147275776,316654387200,10770613248,1288606848,"Cencora, Inc.",0.7693
CNC,0,13224836096,6.5357285,3.8248863,0.4,4.12,Healthcare Plans,Healthcare,60500,United States,4652000256,17577000960,159560007680,20238999552,1541500032,Centene Corporation,1.3697
CNP,0,25056960512,26.839163,22.057472,0.572,1.43,Utilities - Regulated Electric,Utilities,8872,United States,3296999936,21617999872,8981999616,3969999872,-2014749952,"CenterPoint Energy, Inc (Holdin",2.5181
CF,0,13740978176,11.11861,13.727346,0.923,7.63,Agricultural Inputs,Basic Materials,2800,United States,2800000000,3326000128,6447000064,2295000064,1545624960,"CF Industries Holdings, Inc.",0.4791
CRL,0,7589813760,,15.001946,1.481,-1.3,Diagnostics & Research,Healthcare,18700,United States,955694016,2788969984,4028614912,1411084032,706380992,Charles River Laboratories Inte,0.1283
SCHW,0,174025146368,25.771505,25.228949,0.955,3.72,Capital Markets,Financial Services,32600,United States,,55318999040,21625999360,21019000832,,Charles Schwab Corporation (The,0.8514
CHTR,0,36558581760,7.3288608,7.480436,1.022,36.52,Telecom Services,Communication Services,94500,United States,22175000576,96283000832,55222001664,30467999744,3736000000,"Charter Communications, Inc.",0.6224
CVX,0,311612047360,19.904762,14.009058,0.841,7.77,Oil & Gas Integrated,Energy,45298,United States,36614000640,29467000832,189265002496,74136002560,14433874944,Chevron Corporation,4.4925
CMG,0,57785225216,38.13717,32.89695,1.049,1.13,Restaurants,Consumer Cyclical,130000,United States,2335208960,4780585984,11577533440,4650072064,1128346880,"Chipotle Mexican Grill, Inc.",1.9896
CB,0,109799219200,12.153574,11.664548,0.541,22.66,Insurance - Property & Casualty,Financial Services,43000,Switzerland,11420000256,21572999168,57486000128,15809000448,12818124800,Chubb Limited,2.4007
CHD,0,22912643072,44.36557,25.215818,0.425,2.12,Household & Personal Products,Consumer Defensive,5750,United States,1337600000,2409700096,6065999872,2697600000,834862528,"Church & Dwight Company, Inc.",2.2919
CI,0,76502900736,15.721614,9.150863,0.476,18.23,Healthcare Plans,Healthcare,71295,United States,11408000000,30768001024,262023004160,25831000064,4468125184,The Cigna Group,0.551
CINF,0,23767588864,13.1707115,20.735334,0.71,11.54,Insurance - Property & Casualty,Financial Services,5624,United States,2446000128,884000000,11672000512,2432999936,1503750016,Cincinnati Financial Corporatio,
CTAS,0,90250952704,50.9,47.854706,1.017,4.4,Specialty Business Services,Industrials,48300,United States,2716808960,2654480896,10340180992,5174163968,1556821248,Cintas Corporation,4.1867
CSCO,0,279912579072,28.851019,18.124357,0.909,2.45,Communication Equipment,Technology,90400,United States,14741999616,30744999936,55623000064,36290998272,11596375040,"Cisco Systems, Inc.",2.3722
C,0,175594242048,14.089365,13.266342,1.366,6.77,Banks - Diversified,Financial Services,230000,United States,,778903027712,72825004032,72825004032,,"Citigroup, Inc.",1.0777
CFG,0,20724160512,14.647865,12.414728,1.118,3.28,Banks - Regional,Financial Services,17677,United States,,13541000192,7208000000,7208000000,,"Citizens Financial Group, Inc.",
CLX,0,15026272256,18.842793,16.85254,0.486,6.52,Household & Personal Products,Consumer Defensive,7600,United States,1396999936,2916000000,7104000000,3208000000,1084625024,Clorox Company (The),0.5829
CME,0,98434195456,26.467056,26.339443,0.457,10.32,Financial Data & Stock Exchanges,Financial Services,3760,United States,4546999808,3773400064,6432699904,6432699904,2922299904,CME Group Inc.,8.4046
CMS,0,21908330496,21.58997,20.444136,0.348,3.39,Utilities - Regulated Electric,Utilities,8324,United States,2856999936,18044999680,8016999936,3374000128,-1308249984,CMS Energy Corporation,2.9464
KO,0,303635070976,25.018652,23.755083,0.437,2.82,Beverages - Non-Alcoholic,Consumer Defensive,69700,United States,15790999552,50212999168,47061999616,28907999232,1707124992,Coca-Cola Company (The),2.5514
CTSH,0,34041200640,14.137931,13.967936,0.893,4.93,Information Technology Services,Technology,343800,United States,3688000000,1176999936,20486000640,7001999872,1835124992,Cognizant Technology Solutions ,1.3333
CL,0,70089007104,24.35958,22.466349,0.353,3.56,Household & Personal Products,Consumer Defensive,34000,United States,4824000000,8757999616,19997999104,12122999808,2730125056,Colgate-Palmolive Company,1.8397
CMCSA,0,121012183040,5.435323,7.482877,0.922,6.03,Telecom Services,Communication Services,182000,United States,38219001856,101528002560,124184002560,87950999552,3575500032,Comcast Corporation,2.6106
CAG,0,9370483712,8.156291,7.2769885,0.077,2.4,Packaged Foods,Consumer Defensive,18300,United States,2070200064,8310600192,11612800000,3014099968,1085662464,"ConAgra Brands, Inc.",12.2757
COP,0,118031073280,12.66823,11.768991,0.677,7.46,Oil & Gas E&P,Energy,11700,United States,25144000512,23529000960,59385999360,28643000320,7256875008,ConocoPhillips,
ED,0,37116502016,18.711819,18.312279,0.227,5.5,Utilities - Regulated Electric,Utilities,15097,United States,5648999936,27090999296,16154000384,8625999872,-677000000,"Consolidated Edison, Inc.",3.5608
STZ,0,29999253504,,11.215557,0.669,-2.35,Beverages - Brewers,Consumer Defensive,10600,United States,3797799936,11566999552,10061899776,5198499840,1205774976,"Constellation Brands, Inc.",
CEG,0,101531959296,33.924843,36.31285,1.142,9.58,Utilities - Renewable,Utilities,14215,United States,6354999808,8311000064,24820000768,5404000256,3516250112,Constellation Energy Corporatio,
COO,0,14774934528,35.775364,18.150736,1.001,2.07,Medical Instruments & Supplies,Healthcare,16000,United States,1123500032,2585400064,3988199936,2680000000,228075008,"The Cooper Companies, Inc.",1.1062
CPRT,0,45808594944,31.374172,27.22701,1.044,1.51,Specialty Business Services,Industrials,13086,United States,1903851008,101060000,4590859776,2136147968,873605888,"Copart, Inc.",2.3351
GLW,0,55761616896,69.25,28.179655,1.065,0.94,Electronic Components,Technology,56300,United States,3184999936,8498999808,14206000128,5030000128,1090875008,Corning Incorporated,0.6429
CPAY,0,22044755968,21.237076,14.0750675,0.961,14.7,Software - Infrastructure,Technology,11200,United States,2197024000,8311399936,4171324928,3258489088,1213965440,"Corpay, Inc.",1.1316
CTVA,0,48467369984,32.8894,22.233646,0.746,2.17,Agricultural Inputs,Basic Materials,22000,United States,3569999872,3628999936,17176999936,7841999872,2477374976,"Corteva, Inc.",2.081
CSGP,0,35995418624,326.78845,75.8616,0.851,0.26,Real Estate Services,Real Estate,6593,United States,181200000,1113600000,2915500032,2312900096,116800000,"CoStar Group, Inc.",4.0194
COST,0,433897930752,55.46486,49.71545,0.952,17.64,Discount Stores,Consumer Defensive,333000,United States,12442000384,8358000128,268775997440,34339000320,5910374912,Costco Wholesale Corporation,5.2661
CTRA,0,18346801152,11.502967,10.318112,0.306,2.09,Oil & Gas E&P,Energy,915,United States,4116000000,4389000192,6232000000,4658999808,1287250048,Coterra Energy Inc.,
CRWD,0,107667660800,,101.16393,1.132,-0.7,Software - Infrastructure,Technology,10363,United States,-12793000,785398016,4136022016,3080400896,1310727424,"CrowdStrike Holdings, Inc.",4.9664
CCI,0,44324315136,,37.979477,0.912,-9.01,REIT - Specialty,Real Estate,3900,United States,3932999936,29565999104,6467999744,4623000064,1330499968,Crown Castle Inc.,2.7687
CSX,0,66769186816,21.972391,17.642857,1.247,1.63,Railroads,Industrials,23500,United States,6636000256,19741999104,14154999808,6636000256,1552999936,CSX Corporation,2.9125
CMI,0,55146090496,18.746136,17.772203,1.007,21.35,Specialty Industrial Machinery,Industrials,69600,United States,5213000192,8684000256,33720000512,8753000448,1225500032,Cummins Inc.,2.4321
CVS,0,83874660352,18.420612,10.205247,0.588,3.59,Healthcare Plans,Healthcare,219000,United States,13973000192,82724003840,384328990720,51134001152,5829250048,CVS Health Corporation,0.6752
DHR,0,148924481536,44.157112,24.818615,0.761,4.71,Diagnostics & Research,Healthcare,61000,United States,7520999936,18555000832,24013000704,14339999744,3883249920,Danaher Corporation,2.0599
DRI,0,24036059136,23.21509,19.521778,0.746,8.88,Restaurants,Consumer Cyclical,197924,United States,1909400064,7813499904,12076699648,2642599936,748025024,"Darden Restaurants, Inc.",1.9571
DVA,0,9662151680,13.326922,11.990683,1.088,10.14,Medical Care Facilities,Healthcare,76000,United States,2687971072,12815374336,13161327616,4282882048,1096789760,DaVita Inc.,1.7327
DAY,0,8439774208,176.16666,23.914026,1.109,0.3,Software - Application,Technology,9600,United States,262000000,1229400064,1851699968,943400000,278800000,"Dayforce, Inc.",
DECK,0,15800013824,16.360983,16.746855,0.991,6.51,Footwear & Accessories,Consumer Cyclical,5500,United States,1287577984,312071008,5124803072,2953569024,718363648,Deckers Outdoor Corporation,1.8251
DE,0,138231463936,24.669163,23.022327,1.067,20.69,Farm & Heavy Construction Machinery,Industrials,75800,United States,9306000384,67107999744,45383999488,12805000192,4988000256,Deere & Company,1.5442
DELL,0,92485091328,21.465464,14.546277,1.095,6.37,Computer Hardware,Technology,108000,United States,9904000000,29625999360,96700997632,21492000768,1893874944,Dell Technologies Inc.,1.0836
DAL,0,38412931072,8.550872,8.3803425,1.559,6.88,Airlines,Industrials,103000,United States,7720999936,22379999232,61924999168,13121999872,944374976,"Delta Air Lines, Inc.",
DVN,0,20996009984,7.4493246,7.4159193,1.109,4.44,Oil & Gas E&P,Energy,2300,United States,7744000000,9063000064,16104999936,8152000000,-1337124992,Devon Energy Corporation,
DXCM,0,31627302912,56.795776,39.729065,1.439,1.42,Medical Devices,Healthcare,10200,United States,923299968,2579300096,4300800000,2527399936,425124992,"DexCom, Inc.",1.2935
FANG,0,40103948288,10.046048,9.462773,1.066,13.79,Oil & Gas E&P,Energy,1983,United States,9740000256,15178999808,13409999872,10113999872,-419624992,"Diamondback Energy, Inc.",
DLR,0,58327515136,44.077427,138.78925,0.941,3.81,REIT - Specialty,Real Estate,3936,United States,2583514112,20055508992,5685473792,3099571968,1939424256,"Digital Realty Trust, Inc.",5.2458
DFS,0,,,,,,,,,,,,,,,,
DG,0,25083695104,21.75191,18.32476,0.312,5.24,Discount Stores,Consumer Defensive,194200,United States,2962992896,17018013696,41134264320,12256635904,1635128448,Dollar General Corporation,1.9036
DLTR,0,23989604352,22.627953,18.968647,0.884,5.08,Discount Stores,Consumer Defensive,64434,United States,2075299968,7907400192,18049300480,6467299840,1202599936,"Dollar Tree, Inc.",
D,0,52733685760,20.52824,18.281065,0.56,3.01,Utilities - Regulated Electric,Utilities,14700,United States,8009999872,46753001472,15226999808,7516000256,-5987500032,"Dominion Energy, Inc.",2.3064
DPZ,0,15257315328,26.11389,25.477325,1.096,17.21,Restaurants,Consumer Cyclical,6400,United States,965065984,5299667968,4781233152,1362945024,477328864,Domino's Pizza Inc,2.5916
DASH,0,107153326080,137.81868,140.91574,1.701,1.82,Internet Retail,Consumer Cyclical,23700,United States,834000000,3251000064,11895000064,6071000064,-775750016,"DoorDash, Inc.",1.1902
DOV,0,24762288128,23.329458,19.189161,1.257,7.74,Specialty Industrial Machinery,Industrials,24000,United States,1713246976,3069143040,7829059072,3105981952,800307520,Dover Corporation,2.4915
DOW,0,16051773440,,7.281351,0.856,-1.4,Chemicals,Basic Materials,36000,United States,3862000128,18105999360,41819000832,3334000128,-748625024,Dow Inc.,
DHI,0,49175552000,13.259646,10.354676,1.343,12.44,Residential Construction,Consumer Cyclical,14766,United States,5226200064,7362400256,34575200256,8152900096,1801437440,"D.R. Horton, Inc.",1.6972
DTE,0,29177530368,20.22374,19.494452,0.423,6.95,Utilities - Regulated Electric,Utilities,4700,United States,3416000000,23992000512,14200999936,4441999872,-1478000000,DTE Energy Company,3.3454
DUK,0,97444061184,20.509,19.764984,0.341,6.11,Utilities - Regulated Electric,Utilities,26413,United States,15374000128,88452997120,30848000000,16017999872,-1614125056,Duke Energy Corporation (Holdin,2.7528
DD,0,30599837696,429.88235,16.646925,1.042,0.17,Specialty Chemicals,Basic Materials,24000,United States,3232000000,7681999872,12606999552,4681999872,1445500032,"DuPont de Nemours, Inc.",0.6577
EMN,0,7520922112,9.211674,7.5281615,1.227,7.11,Specialty Chemicals,Basic Materials,14000,United States,1844999936,5351000064,9285999616,2239000064,381750016,Eastman Chemical Company,3.5351
ETN,0,137578610688,35.51759,29.3278,1.163,9.95,Specialty Industrial Machinery,Industrials,94443,Ireland,5879000064,11633999872,25988999168,9918000128,2308250112,"Eaton Corporation, PLC",3.0238
EBAY,0,45288697856,22.022223,18.984674,1.268,4.5,Internet Retail,Consumer Cyclical,11500,United States,2524999936,7161999872,10469999616,7526000128,1514125056,eBay Inc.,2.2516
ECL,0,79334899712,37.44546,37.295677,1.069,7.47,Specialty Chemicals,Basic Materials,48000,United States,3723200000,7000000000,15723899904,6920600064,2128974976,Ecolab Inc.,3.3441
EIX,0,21485281280,8.198238,9.794738,0.757,6.81,Utilities - Regulated Electric,Utilities,14013,United States,6350000128,39525998592,17539000320,9166999552,-1203124992,Edison International,0.611
EW,0,45629415424,32.51883,31.722448,1.081,2.39,Medical Devices,Healthcare,15800,United States,1740800000,702600000,5685100032,4483999744,1261549952,Edwards Lifesciences Corporatio,4.6123
EA,0,44894642176,44.8575,21.03517,0.717,4.0,Electronic Gaming & Multimedia,Communication Services,14500,United States,1842000000,2208999936,7473999872,5914999808,1755000064,Electronic Arts Inc.,1.7471
ELV,0,66603147264,12.549003,8.462947,0.588,23.57,Healthcare Plans,Healthcare,104200,United States,9486999552,30186000384,189253992448,50787000320,12048000000,"Elevance Health, Inc.",0.7898
EMR,0,75361730560,34.334614,21.1875,1.311,3.9,Specialty Industrial Machinery,Industrials,73000,United States,4893000192,14869000192,17780000768,9370999808,3172750080,Emerson Electric Company,1.4005
ENPH,0,4517447168,26.782946,9.43989,1.589,1.29,Solar,Technology,2781,United States,263782000,1234738048,1482823040,485897984,307361248,"Enphase Energy, Inc.",0.5594
ETR,0,40170115072,22.328783,11.62597,0.55,4.03,Utilities - Regulated Electric,Utilities,12000,United States,5630179840,30405443584,12307128320,6036689920,-2688983296,Entergy Corporation,1.643
EOG,0,64634654720,11.482056,10.703435,0.817,10.31,Oil & Gas E&P,Energy,3150,United States,11808000000,4595999744,22798000128,14069999616,3611000064,"EOG Resources, Inc.",
EPAM,0,8834641920,22.66,14.175157,1.667,7.0,Information Technology Services,Technology,62050,United States,714510016,162691008,5071012864,1525086976,540610112,"EPAM Systems, Inc.",1.505
EQT,0,31908036608,26.910526,20.289682,0.593,1.9,Oil & Gas E&P,Energy,,United States,4525021184,8315037184,7103623168,5309323776,1246506240,EQT Corporation,0.3947
EFX,0,30849761280,49.003914,26.611053,1.641,5.11,Consulting Services,Industrials,15000,United States,1819399936,4897999872,5840200192,3308900096,864124992,"Equifax, Inc.",1.2557
EQIX,0,76890275840,77.3312,58.72085,0.888,10.16,REIT - Specialty,Real Estate,13606,United States,3774000128,21851000832,8931000320,4469000192,2248000000,"Equinix, Inc.",3.1232
EQR,0,24837697536,23.725563,37.343193,0.935,2.66,REIT - Residential,Real Estate,2500,United States,1857718016,8674672640,3044763904,1919860992,1405341184,Equity Residential,
ERIE,0,19169998848,30.6274,27.358955,0.319,11.97,Insurance Brokers,Financial Services,6715,United States,786087488,35159000,3973472000,697984000,400566016,Erie Indemnity Company,
ESS,0,17597272064,20.464258,42.322258,0.81,12.45,REIT - Residential,Real Estate,1712,United States,1203315968,6812720128,1887956992,1297360000,928902016,"Essex Property Trust, Inc.",6.6204
EL,0,33971382272,,34.974075,1.176,-2.42,Household & Personal Products,Consumer Defensive,44020,United States,2151000064,9381999616,14785999872,10931000320,1570625024,"Estee Lauder Companies, Inc. (T",1.741
EG,0,14085399552,17.554626,5.052204,0.492,19.13,Insurance - Reinsurance,Financial Services,3037,Bermuda,,3588000000,17716000768,1188000000,5383374848,"Everest Group, Ltd.",
EVRG,0,16761037824,20.006866,18.02599,0.455,3.64,Utilities - Regulated Electric,Utilities,4731,United States,2671500032,14811700224,5880300032,3060800000,-275600000,"Evergy, Inc.",3.0438
ES,0,24452767744,28.772926,13.784518,0.619,2.29,Utilities - Regulated Electric,Utilities,10680,United States,4476554752,29779517440,12991134720,7132813824,-417827488,Eversource Energy (D/B/A),0.9948
EXC,0,45171802112,17.005703,17.005703,0.456,2.63,Utilities - Regulated Electric,Utilities,20000,United States,7712000000,48851001344,23765999616,9939000320,-1859124992,Exelon Corporation,2.1545
EXE,0,22766757888,,22.54717,0.45,-0.03,Oil & Gas E&P,Energy,1500,United States,3252000000,5189000192,8862999552,3820000000,2279875072,Expand Energy Corporation,0.3202
EXPE,0,25510238208,25.362852,14.359331,1.613,8.13,Travel Services,Consumer Cyclical,16500,United States,1896999936,6496999936,14017999872,12561000448,1759000064,"Expedia Group, Inc.",0.8724
EXPD,0,16522431488,19.859705,22.628252,1.038,6.13,Integrated Freight & Logistics,Industrials,19666,United States,1175623040,586550016,11273140224,1526496000,646033728,Expeditors International of Was,5.0136
EXR,0,30402549760,29.889978,28.701883,1.08,4.59,REIT - Industrial,Real Estate,8012,United States,2262102016,13650554880,3393270016,2556433920,1078488576,Extra Space Storage Inc,3.4278
XOM,0,452181622784,15.0660515,13.477129,0.502,7.04,Oil & Gas Integrated,Energy,61000,United States,62381998080,38989000704,329816014848,102310002688,20748249088,Exxon Mobil Corporation,5.3969
FFIV,0,18671489024,28.686672,21.105194,1.033,11.33,Software - Infrastructure,Technology,6159,United States,853179008,259818000,3024655872,2450839040,857785280,"F5, Inc.",1.1993
FDS,0,14170934272,27.024155,20.065578,0.822,13.87,Financial Data & Stock Exchanges,Financial Services,12579,United States,852521984,1620504064,2287034112,1219725952,516989504,FactSet Research Systems Inc.,1.8872
FICO,0,31882674176,51.924942,35.734196,1.277,25.58,Software - Application,Technology,3855,United States,899617984,2800677888,1928926976,1576807040,638329984,Fair Isaac Corporation,1.0315
FAST,0,56085168128,46.990387,22.315067,0.949,1.04,Industrial Distribution,Industrials,21807,United States,1741500032,545200000,7774400000,3503500032,657049984,Fastenal Company,4.3326
FRT,0,8121435648,23.688608,30.478828,1.156,3.95,REIT - Retail,Real Estate,304,United States,786742016,4573966848,1239058944,842033984,390068128,Federal Realty Investment Trust,
FDX,0,53893488640,13.582641,10.042198,1.31,16.82,Integrated Freight & Logistics,Industrials,300000,United States,11009000448,,87925997568,23971999744,3494500096,FedEx Corporation,1.0008
FIS,0,37791510528,289.38,12.669878,1.054,0.25,Information Technology Services,Technology,50000,United States,3080999936,12972000256,10316999680,3783000064,2025750016,Fidelity National Information S,0.6298
FITB,0,28189765632,13.267913,11.668493,0.933,3.21,Banks - Regional,Financial Services,18690,United States,,20329000960,7992999936,7992999936,,Fifth Third Bancorp,2.7042
FSLR,0,19915417600,15.884946,8.901965,1.48,11.69,Solar,Technology,8100,United States,1847719040,1067070016,4343436800,1857224960,-1397291648,"First Solar, Inc.",0.4434
FE,0,25183477760,19.213657,15.091696,0.46,2.27,Utilities - Regulated Electric,Utilities,12294,United States,4533499904,25817999360,13863999488,9630000128,-1210437504,FirstEnergy Corp.,1.3207
FI,0,73355001856,22.566004,13.242856,0.908,5.98,Information Technology Services,Technology,38000,United States,9450000384,29706000384,21112000512,12906999808,4373499904,"Fiserv, Inc.",0.6304
F,0,45490200576,14.6539755,6.531486,1.498,0.78,Auto Manufacturers,Consumer Cyclical,169000,United States,8551000064,160238993408,185250004992,13376000000,4231875072,Ford Motor Company,16.3043
FTNT,0,60251492352,31.326693,32.626553,1.079,2.51,Software - Infrastructure,Technology,14898,United States,2086000000,1088700032,6337900032,5152000000,1903687552,"Fortinet, Inc.",2.1166
FTV,0,16382228480,21.81081,11.61151,1.065,2.22,Scientific & Technical Instruments,Technology,18000,United States,1573699968,4977299968,6147899904,3675099904,1288925056,Fortive Corporation,0.858
FOXA,0,24233920512,11.623219,15.300268,0.546,4.91,Entertainment,Communication Services,10400,United States,3523000064,7464999936,16300000256,5782000128,2585125120,Fox Corporation,
FOX,0,24207505408,10.580448,22.106384,0.546,4.91,Entertainment,Communication Services,10400,United States,3523000064,7464999936,16300000256,5782000128,2585125120,Fox Corporation,
BEN,0,13408211968,50.637257,9.932693,1.491,0.51,Asset Management,Financial Services,10100,United States,1629900032,3835399936,8638199808,3245499904,1699887488,"Franklin Resources, Inc.",0.4086
FCX,0,60898185216,32.132576,19.636574,1.628,1.32,Copper,Basic Materials,28500,United States,9617999872,9251000320,25820000256,10113000448,2174874880,"Freeport-McMoRan, Inc.",4.5904
GRMN,0,45010874368,28.832308,31.344503,0.999,8.11,Scientific & Technical Instruments,Technology,21800,Switzerland,1942877056,189708000,6758245888,3983081984,765877504,Garmin Ltd.,3.5083
IT,0,18080786432,14.718558,18.099697,1.192,16.22,Information Technology Services,Technology,20994,United States,1322178944,2862774016,6420008960,4362980864,1142548864,"Gartner, Inc.",
GE,0,282151288832,37.90171,50.776722,1.447,7.02,Aerospace & Defense,Industrials,53000,United States,10380000256,19996999680,41611001856,13274000384,5096124928,GE Aerospace,6.5692
GEHC,0,34141704192,15.32377,16.012848,1.281,4.88,Health Information Services,Healthcare,53000,United States,3673999872,10716000256,19967000576,8298999808,1583000064,GE HealthCare Technologies Inc.,3.4743
GEV,0,169051111424,150.0,90.0,,4.14,Specialty Industrial Machinery,Industrials,76800,United States,2419000064,1059000000,36615000064,6761999872,3577999872,GE Vernova Inc.,3.4917
GEN,0,19692398592,33.31771,13.055102,0.995,0.96,Software - Infrastructure,Technology,3500,United States,1976999936,8862999552,4227000064,3374000128,1359874944,Gen Digital Inc.,0.9153
GNRC,0,11730799616,33.26539,24.3514,1.681,6.01,Specialty Industrial Machinery,Industrials,5389,United States,743513024,1487545984,4411654144,1762420992,379191872,Generac Holdlings Inc.,1.8521
GD,0,84648058880,21.148186,19.569963,0.493,14.88,Aerospace & Defense,Industrials,117000,United States,6072999936,10618999808,50273001472,7743000064,3491124992,General Dynamics Corporation,2.051
GIS,0,26477651968,12.078049,10.536171,-0.009,4.1,Packaged Foods,Consumer Defensive,33000,United States,3904199936,15296700416,19486599168,6742700032,1248349952,"General Mills, Inc.",11.2856
GM,0,53018558464,8.501863,5.26842,1.357,6.55,Auto Manufacturers,Consumer Cyclical,162000,United States,16641000448,137048997888,187599994880,20578000896,1409874944,General Motors Company,1.4128
GPC,0,19101505536,23.636833,16.213696,0.756,5.81,Auto Parts,Consumer Cyclical,63000,United States,1900024960,6421760000,23770865664,8766729216,222243872,Genuine Parts Company,1.705
GILD,0,148549779456,23.75397,16.113056,0.347,5.04,Drug Manufacturers - General,Healthcare,17600,United States,13800999936,24945999872,28863000576,22666999808,8835000320,"Gilead Sciences, Inc.",0.2445
GPN,0,20842369024,14.635435,6.711719,0.939,5.87,Specialty Business Services,Industrials,27000,United States,4312351744,16668021760,10066208768,6331255808,2865685248,Global Payments Inc.,0.622
GL,0,11152562176,11.005595,10.160885,0.557,12.51,Insurance - Life,Financial Services,3732,United States,1515630976,3187182080,5883393024,1915275008,1342722432,Globe Life Inc.,
GDDY,0,19873660928,25.633036,21.392696,1.08,5.6,Software - Infrastructure,Technology,5518,United States,1165500032,3881700096,4752099840,3040100096,1225512448,GoDaddy Inc.,2.4696
GS,0,225056407552,16.36823,17.888474,1.37,45.42,Capital Markets,Financial Services,45900,United States,,732189032448,54793998336,45359001600,,"Goldman Sachs Group, Inc. (The)",3.3408
HAL,0,17815117824,9.809859,6.4292307,1.128,2.13,Oil & Gas Equipment & Services,Energy,48000,United States,4434999808,8560999936,22233999360,3793999872,1702749952,Halliburton Company,
HIG,0,36602970112,11.823795,11.212748,0.667,11.01,Insurance - Property & Casualty,Financial Services,19100,United States,4517000192,4369999872,27441999872,9720000512,6151625216,"The Hartford Insurance Group, I",
HAS,0,11076302848,,17.829573,0.599,-4.07,Leisure,Consumer Cyclical,4985,United States,986800000,3348800000,4250800128,2690899968,476912512,"Hasbro, Inc.",1.6684
HCA,0,91601633280,16.441412,15.945826,1.4,23.81,Medical Care Facilities,Healthcare,226000,United States,14499000320,46364000256,72698003456,29727000576,5593999872,"HCA Healthcare, Inc.",1.2634
DOC,0,11761571840,70.52083,67.7,1.019,0.24,REIT - Healthcare Facilities,Real Estate,387,United States,1515948032,9360363520,2795621888,1679869056,651284864,"Healthpeak Properties, Inc.",
HSIC,0,8342025728,22.118973,13.228847,0.817,3.11,Medical Distribution,Healthcare,25000,United States,1038000000,3358000128,12773000192,4001999872,358249984,"Henry Schein, Inc.",1.6769
HSY,0,36231847936,23.703583,21.276787,0.261,7.54,Confectioners,Consumer Defensive,18540,United States,2663208960,6000852992,11295170560,4531706880,1026448384,The Hershey Company,49.4314
HES,0,46072102912,20.661581,18.409927,0.626,7.21,Oil & Gas E&P,Energy,1797,United States,6723999744,9498000384,12270000128,9694000128,717249984,Hess Corporation,3.5385
HPE,0,28068384768,20.567308,10.185715,1.383,1.04,Communication Equipment,Technology,61000,United States,4796000256,17557999616,31648999424,9601000448,80375000,Hewlett Packard Enterprise Comp,11.7272
HLT,0,63977467904,41.849228,34.045055,1.267,6.5,Lodging,Consumer Cyclical,181000,United States,2576999936,11692999680,4826999808,3720999936,2054000000,Hilton Worldwide Holdings Inc.,1.7045
HOLX,0,15266840576,28.481327,14.542374,0.49,2.41,Medical Instruments & Supplies,Healthcare,7063,United States,1248700032,2522500096,4038899968,2457999872,760112512,"Hologic, Inc.",1.5009
HD,0,402219532288,27.44535,25.914742,1.0,14.73,Home Improvement Retail,Consumer Cyclical,470000,United States,25497999360,61952000000,162952003584,54334001152,10957625344,"Home Depot, Inc. (The)",4.6362
HON,0,139017060352,24.910126,19.887375,1.065,8.79,Conglomerates,Industrials,102000,United States,9959000064,37647998976,39990001664,15226999808,4571874816,Honeywell International Inc.,2.1046
HRL,0,15949703168,21.327206,17.162722,0.31,1.36,Packaged Foods,Consumer Defensive,20000,United States,1306600960,2857946112,11924157440,1974364032,449302016,Hormel Foods Corporation,2.8692
HST,0,11132433408,17.00532,16.47938,1.355,0.94,REIT - Hotel & Motel,Real Estate,165,United States,1614000000,5642999808,5937999872,1731000064,1295500032,"Host Hotels & Resorts, Inc.",
HWM,0,69881815040,50.687073,54.684475,1.482,3.42,Aerospace & Defense,Industrials,23930,United States,2116999936,3428000000,7720999936,2512000000,703124992,Howmet Aerospace Inc.,
HPQ,0,25440208896,10.417308,7.523611,1.309,2.6,Computer Hardware,Technology,58000,United States,4680000000,11916000256,54298001408,11486000128,2652750080,HP Inc.,1.6415
HUBB,0,23061166080,28.216515,24.490408,0.979,15.38,Electrical Equipment & Parts,Industrials,17800,United States,1336899968,2000700032,5626399744,1958499968,481537504,Hubbell Inc,2.4976
HUM,0,33765160960,21.49617,16.67102,0.448,13.06,Healthcare Plans,Healthcare,65680,United States,4015000064,12920999936,123109998592,18509000704,-1002499968,Humana Inc.,0.9448
HBAN,0,24200544256,12.379179,12.379179,0.958,1.34,Banks - Regional,Financial Services,20166,United States,,18439000064,7241999872,7241999872,,Huntington Bancshares Incorpora,2.1044
HII,0,10458797056,19.934929,16.998087,0.319,13.37,Aerospace & Defense,Industrials,44000,United States,981000000,2908999936,11569000448,1432000000,750875008,"Huntington Ingalls Industries, ",1.099
IBM,0,222670290944,38.55484,22.52969,0.677,6.2,Information Technology Services,Technology,270300,United States,14183000064,67719000064,64040001536,36868001792,13859999744,International Business Machines,1.7878
IEX,0,12570343424,27.060778,19.59683,1.031,6.17,Specialty Industrial Machinery,Industrials,9000,United States,899200000,1875600000,3340800000,1489200000,494824992,IDEX Corporation,1.674
IDXX,0,52974317568,55.178333,55.362877,1.496,12.0,Diagnostics & Research,Healthcare,11000,United States,1392832000,1237271040,4037714944,2484808960,625739008,"IDEXX Laboratories, Inc.",4.8806
ITW,0,77407821824,23.334797,24.817757,1.108,11.38,Specialty Industrial Machinery,Industrials,44000,United States,4535000064,8936999936,15790000128,6906999808,2327000064,Illinois Tool Works Inc.,4.0125
INCY,0,16525231104,20.00591,13.782574,0.716,4.23,Biotechnology,Healthcare,2617,United States,1060902016,42408000,4584995840,2440260096,680372096,Incyte Corporation,0.1416
IR,0,31497355264,61.43256,22.38644,1.413,1.29,Specialty Industrial Machinery,Industrials,21000,United States,1955500032,4994100224,7364299776,3220800000,1128787456,Ingersoll Rand Inc.,1.1793
PODD,0,21757616128,94.23476,79.86822,1.348,3.28,Medical Devices,Healthcare,3900,United States,475800000,1399699968,2359500032,1655800064,112662496,Insulet Corporation,4.2907
INTC,0,97059971072,,22.860823,1.218,-4.77,Semiconductors,Technology,108900,United States,9201000448,50757001216,53070000128,17471000576,-8320625152,Intel Corporation,
ICE,0,103368138752,34.66027,26.792286,1.12,5.21,Financial Data & Stock Exchanges,Financial Services,12806,United States,6023000064,19665999872,9688000512,9688000512,3975624960,Intercontinental Exchange Inc.,2.9061
IFF,0,16750918656,,14.177874,1.055,-1.54,Specialty Chemicals,Basic Materials,22400,United States,1770000000,6849999872,11303000064,4096999936,3240750080,International Flavors & Fragran,0.7996
IP,0,25512091648,,16.106667,0.994,-0.06,Packaging & Containers,Consumer Cyclical,65000,United States,2496000000,10641000448,21934000128,6366000128,744875008,International Paper Company,1.3676
IPG,0,9488120832,21.953392,9.42,1.041,1.18,Advertising Agencies,Communication Services,51300,United States,1719699968,4184699904,8846600192,2087800064,934275008,"Interpublic Group of Companies,",0.931
INTU,0,199970144256,58.42502,32.24809,1.287,12.27,Software - Application,Technology,18800,United States,5330999808,,18183999488,14595000320,5197749760,Intuit Inc.,1.8523
ISRG,0,172126306304,66.96792,61.089058,1.599,7.17,Medical Instruments & Supplies,Healthcare,15638,United States,3185700096,0,9144999936,6091700224,1824712448,"Intuitive Surgical, Inc.",3.5059
IVZ,0,9485654016,22.870968,11.253968,1.512,0.93,Asset Management,Financial Services,8407,United States,1223500032,1883900032,6153099776,1728199936,934812480,Invesco Ltd,0.6427
INVH,0,18549622784,34.0,40.89189,0.779,0.89,REIT - Residential,Real Estate,1750,United States,1452978944,8210143232,2647486976,1548876032,984692096,Invitation Homes Inc.,
IQV,0,32233699328,27.47971,15.709197,1.3,6.9,Diagnostics & Research,Healthcare,90000,United States,2923000064,15745000448,15699999744,5376999936,2451624960,"IQVIA Holdings, Inc.",1.0653
IRM,0,27635712000,668.3571,47.739796,1.094,0.14,REIT - Specialty,Real Estate,28850,United States,2143890944,18160857088,6443113984,3610749952,-908652992,Iron Mountain Incorporated (Del,
JBHT,0,13968138240,26.236364,20.097494,1.284,5.5,Integrated Freight & Logistics,Industrials,33646,United States,1557042944,2037760000,12064092160,2267054080,309156736,"J.B. Hunt Transport Services, I",1.9436
JBL,0,23410567168,41.550476,21.792208,1.2,5.25,Electronic Components,Technology,138000,United States,2096000000,3414000128,28514000896,2526000128,1401750016,Jabil Inc.,
JKHY,0,11814395904,27.687714,25.672468,0.739,5.86,Information Technology Services,Technology,7200,United States,604636992,223444992,2319827968,975688000,230522256,"Jack Henry & Associates, Inc.",4.3182
J,0,18072647680,38.766666,22.735338,0.777,3.9,Engineering & Construction,Industrials,45000,United States,1250253952,3004278016,11835288576,2962432000,1106516736,Jacobs Solutions Inc.,1.94
JNJ,0,418858467328,18.601068,16.407547,0.399,9.35,Drug Manufacturers - General,Healthcare,138100,United States,30254999552,50760998912,90626998272,62000001024,11079499776,Johnson & Johnson,1.051
JCI,0,69103058944,35.2,25.202864,1.311,3.0,Building Products & Equipment,Industrials,94000,Ireland,4059000064,11644999680,23402000384,8509000192,2771124992,Johnson Controls International ,1.4131
JPM,0,795805155328,14.841538,17.28853,1.107,19.5,Banks - Diversified,Financial Services,317160,United States,,1165543997440,163748003840,163748003840,,JP Morgan Chase & Co.,3.9077
JNPR,0,13358601216,38.047623,18.315859,0.773,1.05,Communication Equipment,Technology,11271,United States,604400000,1963500032,5204899840,3055300096,733287488,"Juniper Networks, Inc.",
K,0,27856977920,20.975132,66.77083,0.28,3.82,Packaged Foods,Consumer Defensive,24000,United States,2262000128,6519000064,12643000320,4505999872,605750016,Kellanova,3.5303
KVUE,0,41576652800,28.886667,17.758198,0.785,0.75,Household & Personal Products,Consumer Defensive,22000,United States,3548000000,8743999488,15141000192,8805000192,1916499968,Kenvue Inc.,1.1995
KDP,0,47307673600,30.818584,16.987806,0.465,1.13,Beverages - Non-Alcoholic,Consumer Defensive,29400,United States,4175000064,18674999296,15758999552,8657000448,1366499968,Keurig Dr Pepper Inc.,1.0678
KEY,0,19731877888,,11.535257,1.112,-0.08,Banks - Regional,Financial Services,17105,United States,,15520000000,4743000064,4743000064,,KeyCorp,
KEYS,0,29155262464,39.765255,24.304161,1.116,4.26,Scientific & Technical Instruments,Technology,15400,United States,1154000000,2764999936,5107999744,3160999936,976499968,Keysight Technologies Inc.,0.9377
KMB,0,44654268416,18.411764,17.63958,0.341,7.31,Household & Personal Products,Consumer Defensive,38000,United States,3827000064,7278000128,19718000640,7098999808,1951374976,Kimberly-Clark Corporation,5.8348
KIM,0,14471764992,26.060976,30.528574,1.325,0.82,REIT - Retail,Real Estate,717,United States,1275632000,8289573888,2094828032,1443227008,794424640,Kimco Realty Corporation (HC),
KMI,0,58808676352,21.693113,21.004444,0.784,1.22,Oil & Gas Midstream,Energy,10933,United States,6720999936,32810999808,15969000448,7984000000,292624992,"Kinder Morgan, Inc.",2.2096
KKR,0,134181445632,68.386795,23.884678,1.875,2.12,Asset Management,Financial Services,4834,United States,,54443347968,21419978752,12763047936,,KKR & Co. Inc.,0.8321
KLAC,0,124650356736,31.072369,28.78123,1.432,30.4,Semiconductor Equipment & Materials,Technology,15000,United States,5408314880,6088282112,12156162048,7404295168,2753067008,KLA Corporation,1.9835
KHC,0,32827146240,,9.034203,0.2,-4.46,Packaged Foods,Consumer Defensive,36000,United States,6272999936,21211000832,25309999104,8682999808,2745499904,The Kraft Heinz Company,1.0084
KR,0,46618107904,19.212534,15.395197,0.58,3.67,Grocery Stores,Consumer Defensive,409000,United States,7982000128,21152999424,146972000256,34995998720,2607624960,Kroger Company (The),1.7496
LHX,0,50289270784,30.065998,18.678944,0.771,8.94,Aerospace & Defense,Industrials,47000,United States,3990000128,12101999616,21372999680,5501000192,2885874944,"L3Harris Technologies, Inc.",0.5809
LH,0,22588241920,29.936125,16.96754,0.757,9.08,Diagnostics & Research,Healthcare,70000,United States,1822899968,6603299840,13483799552,3794899968,1032112512,Labcorp Holdings Inc.,0.9936
LRCX,0,133889941504,25.491566,24.775175,1.661,4.15,Semiconductor Equipment & Materials,Technology,,United States,6287244800,4484505088,18435590144,8979058688,4612528128,Lam Research Corporation,1.7401
LW,0,7558616064,21.696001,10.891566,0.482,2.5,Packaged Foods,Consumer Defensive,10100,United States,1258300032,4254200064,6451299840,1473900032,79050000,"Lamb Weston Holdings, Inc.",2.3751
LVS,0,37129060352,27.317272,19.668436,1.07,1.98,Resorts & Casinos,Consumer Cyclical,39900,United States,3932999936,15820000256,11614999552,9217999872,832249984,Las Vegas Sands Corp.,1.1257
LDOS,0,23156326400,17.043438,17.27177,0.661,10.59,Information Technology Services,Technology,47000,United States,2312000000,5702000128,17052999680,2993999872,809000000,"Leidos Holdings, Inc.",
LEN,0,33851658240,10.884424,8.139715,1.312,12.07,Residential Construction,Consumer Cyclical,13265,United States,4365105152,4474395136,35371978752,7281153024,9169506304,Lennar Corporation,1.9586
LII,0,21385605120,26.041702,26.063997,1.106,23.38,Building Products & Equipment,Industrials,14200,United States,1151000064,1545799936,5416600064,1794700032,485300000,"Lennox International, Inc.",2.1322
LLY,0,590594834432,43.115837,29.073698,0.436,15.28,Drug Manufacturers - General,Healthcare,47000,United States,24775100416,39980998656,53258100736,44011499520,-2265437440,Eli Lilly and Company,0.926
LIN,0,222265688064,33.73701,27.964895,0.929,14.05,Specialty Chemicals,Basic Materials,64842,United Kingdom,12968999936,25920000000,33244999680,16106000384,3551624960,Linde plc,2.4175
LYV,0,36508930048,67.26495,65.04132,1.463,2.34,Entertainment,Communication Services,16200,United States,2010120960,8419643904,23721437184,5987140096,1802233600,"Live Nation Entertainment, Inc.",9.4413
LKQ,0,8004385280,11.354014,8.593924,0.916,2.74,Auto Parts,Consumer Cyclical,47000,United States,1664999936,5920999936,14046000128,5507999744,526124992,LKQ Corporation,0.9344
LMT,0,102025371648,24.523289,15.546247,0.262,17.82,Aerospace & Defense,Industrials,121000,United States,7193999872,21638000640,71844003840,5929999872,3821625088,Lockheed Martin Corporation,1.9397
L,0,19645317120,15.033333,32.65862,0.694,6.3,Insurance - Property & Casualty,Financial Services,13000,United States,2803000064,8947000320,18061000704,6506999808,3393625088,Loews Corporation,
LOW,0,143107850240,21.103306,20.217735,0.886,12.1,Home Improvement Retail,Consumer Cyclical,300000,United States,12476999680,38994001920,83240001536,27772999680,5662374912,"Lowe's Companies, Inc.",2.4584
LULU,0,23906379776,13.569218,13.360181,1.167,14.7,Apparel Retail,Consumer Cyclical,39000,Canada,2976974080,1706781952,10749894656,6378869248,1183213952,lululemon athletica inc.,0.821
LYB,0,16651716608,110.14894,6.012776,0.867,0.47,Specialty Chemicals,Basic Materials,20000,United States,2812999936,13360000000,38655000576,3361999872,545374976,LyondellBasell Industries NV,0.9872
MTB,0,30016147456,12.440415,11.798526,0.621,15.44,Banks - Regional,Financial Services,22590,United States,,15004999680,8903999488,8903999488,,M&T Bank Corporation,29.3247
MPC,0,48585437184,23.262009,15.667647,0.874,6.87,Oil & Gas Refining & Marketing,Energy,18300,United States,7704999936,30034999296,133861998592,11774999552,1676625024,Marathon Petroleum Corporation,2.6602
MKTX,0,7118924800,32.02185,23.15067,0.837,5.95,Capital Markets,Financial Services,881,United States,421976000,69258000,837156992,517755008,359472128,"MarketAxess Holdings, Inc.",2.6867
MAR,0,72834891776,30.21509,25.312263,1.441,8.88,Lodging,Consumer Cyclical,418000,United States,4396000256,16536000512,6783000064,5541000192,1501874944,Marriott International,1.5743
MMC,0,102685499392,25.044363,22.14952,0.775,8.34,Insurance Brokers,Financial Services,90000,United States,7580000256,21610000384,25799000064,11406999552,4343499776,"Marsh & McLennan Companies, Inc",2.2182
MLM,0,36973608960,34.004433,29.419384,0.891,18.03,Building Materials,Basic Materials,9400,United States,2172999936,5808999936,6685000192,1987000064,639500032,"Martin Marietta Materials, Inc.",
MAS,0,15331726336,19.424404,16.567873,1.163,3.77,Building Products & Equipment,Industrials,18000,United States,1500000000,3224000000,7663000064,2787000064,689750016,Masco Corporation,1.7758
MA,0,521868083200,38.97907,35.24298,1.029,14.81,Credit Services,Financial Services,35300,United States,18773000192,18969999360,30240999424,30240999424,15459624960,Mastercard Incorporated,2.2781
MTCH,0,9111152640,18.74505,15.268146,1.37,2.02,Internet Content & Information,Communication Services,2500,United States,960070016,3514681088,3450575872,2484503040,811294272,"Match Group, Inc.",0.472
MKC,0,18903486464,24.541813,22.575321,0.66,2.87,Packaged Foods,Consumer Defensive,14100,United States,1281299968,4454900224,6742799872,2598899968,428837504,"McCormick & Company, Incorporat",2.8838
MCD,0,216214863872,25.963152,24.027756,0.521,11.67,Restaurants,Consumer Cyclical,150000,United States,14170999808,55892000768,26059999232,14851999744,5429000192,McDonald's Corporation,2.6867
MCK,0,82513854464,26.556446,18.021732,0.497,24.98,Medical Distribution,Healthcare,43000,United States,5417999872,9944999936,377595002880,13029999616,5168249856,McKesson Corporation,1.062
MDT,0,118990618624,25.725763,15.875215,0.817,3.61,Medical Devices,Healthcare,95000,Ireland,9112999936,29625999360,33536999424,21930999808,4206249984,Medtronic plc.,2.1621
MRK,0,205738885120,12.691633,8.762628,0.392,6.49,Drug Manufacturers - General,Healthcare,73000,United States,28537999360,35401998336,63616000000,49245999104,15720999936,"Merck & Company, Inc.",0.7888
META,0,1966804566016,28.397533,30.945456,1.273,27.57,Internet Content & Information,Communication Services,75945,United States,94279999488,49559998464,178803998720,146558992384,31991250944,"Meta Platforms, Inc.",2.4871
MET,0,51246899200,13.083192,7.9525285,0.831,5.89,Insurance - Life,Financial Services,45000,United States,7248000000,47955001344,73011003392,18783000576,2865125120,"MetLife, Inc.",0.8931
MTD,0,27047725056,33.30104,30.823008,1.346,39.43,Diagnostics & Research,Healthcare,16000,United States,1185496064,2183921920,3866627072,2317537024,689753600,"Mettler-Toledo International, I",3.98
MGM,0,9858758656,19.79235,15.747827,1.816,1.83,Resorts & Casinos,Consumer Cyclical,60000,United States,2398681088,31591444480,17211652096,7736788992,891623488,MGM Resorts International,1.8812
MCHP,0,35176341504,,25.069231,1.537,-0.34,Semiconductors,Technology,19400,United States,940600000,5494499840,4235800064,2307699968,993012480,Microchip Technology Incorporat,
MU,0,139040702464,22.425993,9.653458,1.374,5.54,Semiconductors,Technology,48000,United States,15694999552,16213000192,33813000192,12556000256,1219874944,"Micron Technology, Inc.",0.151
MSFT,0,3914938974208,38.584984,35.229767,1.055,13.65,Software - Infrastructure,Technology,228000,United States,156528001024,112184000512,281723994112,193893007360,61070376960,Microsoft Corporation,2.3821
MAA,0,16674516992,28.586418,33.477104,0.747,4.86,REIT - Residential,Real Estate,2532,United States,1240219008,5073380864,2200154880,1294721024,976103744,Mid-America Apartment Communiti,
MRNA,0,10376763392,,-3.0655174,1.829,-7.51,Biotechnology,Healthcare,5800,United States,-3064999936,741000000,3078000128,-2199000064,-2864375040,"Moderna, Inc.",
MHK,0,8151705088,17.423637,11.766816,1.283,7.53,"Furnishings, Fixtures & Appliances",Consumer Cyclical,41900,United States,1355100032,2629100032,10684099584,2702599936,557837504,"Mohawk Industries, Inc.",
MOH,0,8811836416,8.016765,6.32361,0.517,20.28,Healthcare Plans,Healthcare,18000,United States,1788999936,3563000064,41702998016,4749000192,512375008,Molina Healthcare Inc,
TAP,0,10223432704,10.192307,8.714166,0.669,5.07,Beverages - Brewers,Consumer Defensive,16800,United States,2371300096,6539200000,11283200000,4372800000,661387520,Molson Coors Beverage Company,9.0657
MDLZ,0,80122413056,22.681612,18.052711,0.468,2.73,Confectioners,Consumer Defensive,90000,United States,5921999872,21504999424,37105000448,12076999680,3524875008,"Mondelez International, Inc.",5.0318
MPWR,0,40424919040,22.067583,49.13184,1.183,38.25,Semiconductors,Technology,4017,United States,704908992,19912000,2543911936,1407096960,510800512,"Monolithic Power Systems, Inc.",
MNST,0,62169169920,39.54658,34.048126,0.551,1.61,Beverages - Non-Alcoholic,Consumer Defensive,5527,United States,2282533120,65483000,7659164160,4226618880,1438209536,Monster Beverage Corporation,2.0658
MCO,0,93641547776,44.35769,39.19595,1.395,11.77,Financial Data & Stock Exchanges,Financial Services,15913,United States,3384999936,7389000192,7306999808,5318000128,2066249984,Moody's Corporation,2.7313
MS,0,235045109760,16.693878,18.567467,1.32,8.82,Capital Markets,Financial Services,80000,United States,,479193989120,65612001280,56738000896,,Morgan Stanley,1.8243
MOS,0,10157682688,10.849153,13.010163,1.127,2.95,Agricultural Inputs,Basic Materials,13765,United States,1944800000,4626500096,11253399552,1725699968,340312512,Mosaic Company (The),0.8778
MSI,0,78213914624,37.73794,31.957794,0.977,12.44,Communication Equipment,Technology,21000,United States,3291000064,8332000256,11093000192,5713999872,2032499968,"Motorola Solutions, Inc.",1.8761
MSCI,0,43509026816,37.318184,33.003815,1.291,15.07,Financial Data & Stock Exchanges,Financial Services,6208,United States,1727481984,4655508992,2986718976,2454502912,1117176576,MSCI Inc.,2.4617
NDAQ,0,54613807104,36.607693,30.312101,1.008,2.6,Financial Data & Stock Exchanges,Financial Services,9492,United States,2868999936,9688000512,8111000064,4914999808,1904000000,"Nasdaq, Inc.",1.7144
NTAP,0,21655715840,19.087301,14.277704,1.438,5.67,Software - Infrastructure,Technology,11700,United States,1640000000,3491000064,6572000256,4613000192,1158625024,"NetApp, Inc.",1.5553
NFLX,0,519027982336,51.910538,51.3648,1.589,23.53,Entertainment,Communication Services,14000,United States,12624468992,16933966848,41693184000,20217477120,22694656000,"Netflix, Inc.",2.2624
NEM,0,75403100160,12.435688,17.922976,0.318,5.52,Gold,Basic Materials,22200,United States,10938000384,7607000064,20583999488,11463999488,9163750400,Newmont Corporation,
NWSA,0,17398183936,34.875,27.636793,1.24,0.84,Entertainment,Communication Services,22300,United States,1134000000,2940000000,8451999744,4749000192,370500000,News Corporation,
NWS,0,17357826048,40.178574,30.33708,1.24,0.84,Entertainment,Communication Services,22300,United States,1134000000,2940000000,8451999744,4749000192,370500000,News Corporation,
NEE,0,146909741056,24.857143,19.385868,0.616,2.87,Utilities - Regulated Electric,Utilities,16800,United States,14643000320,93188997120,25898999808,16051000320,-13566249984,"NextEra Energy, Inc.",2.7121
NKE,0,114053595136,35.75231,23.908669,1.276,2.16,Footwear & Accessories,Consumer Cyclical,77800,United States,4477000192,11020999680,46308999168,19790000128,3720124928,"Nike, Inc.",4.4724
NI,0,19978377216,22.569149,22.811829,0.535,1.88,Utilities - Regulated Gas,Utilities,7687,United States,2638799872,15796200448,6130299904,3090099968,-463437504,NiSource Inc,2.5899
NDSN,0,12374884352,28.111683,21.036505,0.894,7.79,Specialty Industrial Machinery,Industrials,7800,United States,806468992,2323457024,2704443904,1481624960,304186752,Nordson Corporation,1.7966
NSC,0,62724886528,18.89054,20.587627,1.297,14.8,Railroads,Industrials,19600,United States,6056000000,17901000704,12177999872,6056000000,1454625024,Norfolk Southern Corporation,2.6553
NTRS,0,23880288256,14.700704,16.39398,1.299,8.52,Asset Management,Financial Services,23400,United States,,18844798976,7850999808,7850999808,,Northern Trust Corporation,7.2643
NOC,0,83104849920,21.401546,20.684605,0.145,27.12,Aerospace & Defense,Industrials,97000,United States,6439000064,18086000640,40500998144,7827999744,2474125056,Northrop Grumman Corporation,3.796
NCLH,0,11183180800,16.94863,11.839714,2.25,1.46,Travel Services,Consumer Cyclical,41700,United States,2530964992,14589154304,9560993792,3953690880,-705337024,Norwegian Cruise Line Holdings ,0.6215
NRG,0,29764196352,66.32543,22.300724,1.138,2.32,Utilities - Independent Power Producers,Utilities,15637,United States,2259000064,11123000320,29366999040,5066999808,2119500032,"NRG Energy, Inc.",1.3468
NUE,0,33491202048,25.964222,15.506411,1.751,5.59,Steel,Basic Materials,32700,United States,3585999872,6880999936,30805999616,3231000064,-697609024,Nucor Corporation,
NVDA,0,4391841300480,58.091938,43.709953,2.145,3.1,Semiconductors,Technology,36000,United States,88247001088,10284999680,148514996224,104120000512,55443001344,NVIDIA Corporation,1.7758
NVR,0,22737188864,17.398659,15.884315,0.941,472.96,Residential Construction,Consumer Cyclical,7000,United States,2039047936,1069137024,10717672448,2636717056,1208608512,"NVR, Inc.",
NXPI,0,57252794368,27.099045,17.374905,1.423,8.38,Semiconductors,Technology,33100,Netherlands,4112999936,11477999616,12122000384,6752000000,1407874944,NXP Semiconductors N.V.,1.3428
ORLY,0,86775791616,36.655914,2.275701,0.559,2.79,Auto Parts,Consumer Cyclical,92810,United States,3777979904,8312948224,17122020352,8800279552,1294162048,"O'Reilly Automotive, Inc.",
OXY,0,43458105344,25.967648,13.969936,0.914,1.7,Oil & Gas E&P,Energy,13323,United States,13212999680,24174000128,27150000128,17359998976,4515250176,Occidental Petroleum Corporatio,1.7838
ODFL,0,31943436288,29.685549,25.761017,1.247,5.12,Trucking,Industrials,21719,United States,1787108992,169992000,5638622208,2221051904,555056896,"Old Dominion Freight Line, Inc.",3.0888
OMC,0,14655145984,10.822604,8.755787,0.957,6.99,Advertising Agencies,Communication Services,74900,United States,2552499968,7110300160,15910800384,2955200000,1729062528,Omnicom Group Inc.,1.2767
ON,0,20961964032,48.81429,11.864583,1.449,1.05,Semiconductors,Technology,26400,United States,1785299968,3635200000,6398799872,2424199936,1003475008,ON Semiconductor Corporation,1.9848
OKE,0,46809767936,14.489279,12.450587,0.99,5.13,Oil & Gas Midstream,Energy,5177,United States,6842999808,32466999296,27953000448,9415000064,1448999936,"ONEOK, Inc.",1.2729
ORCL,0,697783615488,57.240784,34.69623,1.431,4.34,Software - Infrastructure,Technology,162000,United States,23485999104,108952002560,57399001088,40471998464,678000000,Oracle Corporation,2.6446
OTIS,0,34820382720,23.4709,21.174225,0.943,3.78,Specialty Industrial Machinery,Industrials,72000,United States,2568999936,8124000256,14168000512,4284999936,1437250048,Otis Worldwide Corporation,2.3777
PCAR,0,53040656384,17.325901,13.016752,0.917,5.83,Farm & Heavy Construction Machinery,Industrials,30100,United States,4305200128,16074900480,31099600896,4888399872,204050000,PACCAR Inc.,2.9271
PKG,0,17901506560,19.835743,17.700401,0.871,10.03,Packaging & Containers,Consumer Cyclical,15400,United States,1813699968,2810800128,8640799744,1917799936,521162496,Packaging Corporation of Americ,1.7331
PLTR,0,439145037824,617.035,393.85214,2.597,0.3,Software - Infrastructure,Technology,4164,United States,597793024,237812000,3440587008,2753510912,1269297536,Palantir Technologies Inc.,4.932
PANW,0,118391652352,101.86781,24.618055,0.943,1.74,Software - Infrastructure,Technology,15866,United States,1250200064,806000000,8874699776,6528399872,3175474944,"Palo Alto Networks, Inc.",2.2064
PARA,0,6994082816,368.0,6.773006,1.188,0.03,Entertainment,Communication Services,18600,United States,2576000000,15507000320,28756000768,9137000448,14548875264,Paramount Global,0.682
PH,0,96412000256,27.791065,25.629328,1.369,27.15,Specialty Industrial Machinery,Industrials,,United States,4967000064,9285000192,19850000384,7314999808,2978385920,Parker-Hannifin Corporation,3.3683
PAYX,0,49486716928,29.99345,25.967863,0.906,4.58,Software - Application,Technology,19000,United States,2538800128,5044800000,5571700224,4031300096,1509437440,"Paychex, Inc.",2.3861
PAYC,0,12375608320,29.727703,25.227636,0.817,7.4,Software - Application,Technology,7306,United States,510000000,81200000,1959900032,1688800000,266732000,"Paycom Software, Inc.",2.1727
PYPL,0,66790477824,14.970022,14.296525,1.422,4.67,Credit Services,Financial Services,24400,United States,6536000000,12172000256,32291999744,13459999744,1010249984,"PayPal Holdings, Inc.",0.8856
PNR,0,17720942592,29.535519,22.28866,1.071,3.66,Specialty Industrial Machinery,Industrials,9750,United Kingdom,1058600000,1603100032,4099800064,1645600000,741350016,Pentair plc.,1.8115
PEP,0,203719114752,27.103827,17.242178,0.457,5.49,Beverages - Non-Alcoholic,Consumer Defensive,319000,United States,17027999744,51384000512,91747999744,50171998208,7594375168,"Pepsico, Inc.",3.206
PFE,0,142252457984,13.238095,8.539249,0.44,1.89,Drug Manufacturers - General,Healthcare,81000,United States,24505999360,62044000256,63833001984,47120998400,16017999872,"Pfizer, Inc.",0.8471
PCG,0,33550026752,14.134259,10.314189,0.545,1.08,Utilities - Regulated Electric,Utilities,28410,United States,9422999552,59675000832,24452999168,9290999808,-4533499904,Pacific Gas & Electric Co.,0.9041
PM,0,256782860288,24.403105,22.911806,0.507,6.76,Tobacco,Consumer Defensive,83100,United States,17838000128,51492999168,39058001920,25949999104,7828749824,Philip Morris International Inc,1.2046
PSX,0,48656568320,28.598598,12.68705,1.064,4.21,Oil & Gas Refining & Marketing,Energy,13200,United States,3816000000,20935000064,132965998592,13281000448,-119125000,Phillips 66,1.0045
PNW,0,11012960256,18.97428,19.70406,0.382,4.86,Utilities - Regulated Electric,Utilities,6403,United States,2010236032,14004524032,5255240192,2148604928,-492301760,Pinnacle West Capital Corporati,4.577
PNC,0,75922046976,13.177716,12.844103,1.09,14.63,Banks - Regional,Financial Services,53175,United States,,62477000704,21240000512,21240000512,,"PNC Financial Services Group, I",2.1074
POOL,0,12123684864,30.025417,27.005404,1.066,10.82,Industrial Distribution,Industrials,6000,United States,634118016,1553373952,5276414976,1554177024,333340256,Pool Corporation,
PPG,0,25052700672,20.0361,12.542373,1.156,5.54,Specialty Chemicals,Basic Materials,46000,United States,2620999936,8222000128,15640000512,6515999744,623124992,"PPG Industries, Inc.",0.7663
PPL,0,27269615616,27.725563,20.150272,0.657,1.33,Utilities - Regulated Electric,Utilities,6653,United States,3264000000,17853999104,8805999616,3640999936,-906000000,PPL Corporation,1.3944
PFG,0,17341374464,15.694556,9.223342,0.996,4.96,Asset Management,Financial Services,19700,United States,1692749952,4169999872,15130800128,6831000064,1637699968,Principal Financial Group Inc,
PG,0,366721433600,24.049154,21.09973,0.373,6.51,Household & Personal Products,Consumer Defensive,109000,United States,24455000064,36525998080,84283998208,43270000640,11380124672,Procter & Gamble Company (The),3.7606
PGR,0,145265524736,13.968715,17.956882,0.332,17.74,Insurance - Property & Casualty,Financial Services,66308,United States,13704999936,6895000064,82375999488,13905000448,13717175296,Progressive Corporation (The),5.1542
PLD,0,98198339584,28.520214,30.059658,1.223,3.71,REIT - Industrial,Real Estate,2703,United States,6337437184,35297001472,8914973696,6804597760,5036831232,"Prologis, Inc.",
PRU,0,37263724544,23.373066,7.2076244,1.043,4.53,Insurance - Life,Financial Services,37936,United States,2398000128,49583001600,59208998912,14944000000,-10891374592,"Prudential Financial, Inc.",0.625
PEG,0,43409981440,21.964647,21.371008,0.468,3.96,Utilities - Regulated Electric,Utilities,13047,United States,4203000064,23433000960,11134000128,3936000000,-965750016,Public Service Enterprise Group,2.694
PTC,0,24940902400,48.988235,29.742857,1.177,4.25,Software - Application,Technology,7000,United States,853766016,1411719040,2471977984,2031069056,863937728,PTC Inc.,1.6939
PSA,0,49402298368,30.705563,26.488241,0.848,9.17,REIT - Industrial,Real Estate,5900,United States,3352899072,10440279040,4758111232,3459595008,2465391872,Public Storage,10.9278
PHM,0,25518522368,9.681138,9.580741,1.234,13.36,Residential Construction,Consumer Cyclical,6793,United States,3631060992,2266469120,17694541824,4921402880,800167616,"PulteGroup, Inc.",0.371
PWR,0,55479402496,57.63622,36.646652,1.102,6.46,Engineering & Construction,Industrials,58400,United States,2288824064,5107389952,26052929536,3917547008,949285632,"Quanta Services, Inc.",1.9423
QCOM,0,168248475648,15.051158,12.749796,1.228,10.36,Semiconductors,Technology,49000,United States,13870999552,14787999744,43256999936,24085999616,5465999872,QUALCOMM Incorporated,1.7646
DGX,0,19995629568,21.440647,18.321209,0.459,8.34,Diagnostics & Research,Healthcare,55000,United States,2058000000,6384000000,10522000384,3500000000,924499968,Quest Diagnostics Incorporated,1.5663
RL,0,18117773312,23.87071,22.97235,1.543,12.53,Apparel Manufacturing,Consumer Cyclical,15000,United States,1212700032,3239099904,7285899776,5029400064,619862528,Ralph Lauren Corporation,2.4961
RJF,0,32212477952,15.839215,14.502692,1.061,10.2,Asset Management,Financial Services,19000,United States,,4525000192,13770999808,12824999936,,"Raymond James Financial, Inc.",1.3705
RTX,0,205211566080,33.620613,25.091652,0.672,4.56,Aerospace & Defense,Industrials,186000,United States,14067000320,43595001856,83598999552,16760999936,2800750080,RTX Corporation,1.5372
O,0,52577165312,55.8301,36.166668,0.768,1.03,REIT - Retail,Real Estate,468,United States,4915141120,28874504192,5477163008,5074596864,2443675392,Realty Income Corporation,
REG,0,13019291648,33.30841,33.94286,1.058,2.14,REIT - Retail,Real Estate,495,United States,980006016,5044620800,1547928064,1104348032,644622528,Regency Centers Corporation,2.8448
REGN,0,59590131712,14.169354,12.408739,0.327,39.68,Biotechnology,Healthcare,15182,United States,4466800128,2705100032,14214200320,6730500096,2850962432,"Regeneron Pharmaceuticals, Inc.",1.1398
RF,0,22829699072,11.955606,11.320796,1.022,2.14,Banks - Regional,Financial Services,19644,United States,,,6810999808,6810999808,,Regions Financial Corporation,2.1459
RSG,0,72281120768,34.297775,33.995594,0.607,6.75,Waste Management,Industrials,42000,United States,5142000128,13216000000,16366000128,7100000256,1870850048,"Republic Services, Inc.",3.6279
RMD,0,42168987648,30.25315,27.989311,0.772,9.52,Medical Instruments & Supplies,Healthcare,10600,United States,1860397056,851812992,5146327040,3087086080,1207525632,ResMed Inc.,1.9083
RVTY,0,10465141760,39.2,17.47287,0.916,2.3,Diagnostics & Research,Healthcare,11000,United States,834928000,3374859008,2798467072,1564807936,528368992,"Revvity, Inc.",0.6327
ROK,0,38974124032,40.637753,30.40702,1.388,8.53,Specialty Industrial Machinery,Industrials,27000,United States,1619699968,3875000064,8061199872,3186899968,1203637504,"Rockwell Automation, Inc.",3.5328
ROL,0,28097003520,57.40099,51.76339,0.687,1.01,Personal Services,Consumer Cyclical,20000,United States,802548992,967182016,3570469888,1881121024,585044864,"Rollins, Inc.",5.0594
ROP,0,56212168704,36.70766,26.091406,0.996,14.23,Software - Application,Technology,18200,United States,2949299968,8858999808,7468100096,5143099904,2110612480,"Roper Technologies, Inc.",2.7745
ROST,0,49019768832,23.676935,22.40284,1.121,6.33,Apparel Retail,Consumer Cyclical,107000,United States,3054482944,5015669248,21256122368,6968581120,1145347072,"Ross Stores, Inc.",2.9153
RCL,0,84561190912,23.128716,21.78534,2.229,13.46,Travel Services,Consumer Cyclical,105950,United States,6189000192,19736999936,17184000000,8597999616,2445750016,Royal Caribbean Cruises Ltd.,1.118
SPGI,0,172460916736,43.353035,33.604404,1.188,13.03,Financial Data & Stock Exchanges,Financial Services,42350,United States,7260000256,12014999552,14700000256,10225000448,4926624768,S&P Global Inc.,2.4254
CRM,0,225195360256,36.86385,21.16442,1.37,6.39,Software - Application,Technology,76453,United States,11205999616,12019999744,38591000576,29845000192,14429875200,"Salesforce, Inc.",1.2376
SBAC,0,23548215296,26.907976,23.91494,0.767,8.15,REIT - Specialty,Real Estate,1720,United States,1792897024,14817864704,2724524032,2071072000,-105770624,SBA Communications Corporation,1.6531
SLB,0,49322516480,11.323732,9.009619,1.039,2.92,Oil & Gas Equipment & Services,Energy,110000,United States,7959000064,13701999616,35477999616,7118000128,3010500096,Schlumberger N.V.,4.5598
STX,0,33028737024,22.93944,16.01031,1.525,6.77,Computer Hardware,Technology,30000,Singapore,2179000064,5373000192,9096999936,3212999936,430375008,Seagate Technology Holdings PLC,0.9296
SRE,0,53391785984,19.813559,15.920235,0.632,4.13,Utilities - Diversified,Utilities,16773,United States,5463000064,38948999168,13336000512,5568000000,-5927000064,DBA Sempra,2.1717
NOW,0,178439372800,108.29597,51.48922,0.929,7.94,Software - Application,Technology,26293,United States,2294000128,2408999936,12056999936,9466999808,3972624896,"ServiceNow, Inc.",1.8834
SHW,0,91072618496,36.308647,28.580988,1.159,10.06,Specialty Chemicals,Basic Materials,63890,United States,4309199872,13579899904,23079899136,11278100480,1781549952,Sherwin-Williams Company (The),3.9192
SPG,0,64313794560,26.393188,25.147491,1.516,6.46,REIT - Retail,Real Estate,2600,United States,4471964160,25920014336,6034414080,4958723072,2046775552,"Simon Property Group, Inc.",
SWKS,0,10820401152,29.043825,11.390625,1.13,2.51,Semiconductors,Technology,10100,United States,866899968,1207800064,4011699968,1664400000,1123837440,"Skyworks Solutions, Inc.",1.7514
SJM,0,11995549696,,10.678063,0.292,-11.57,Packaged Foods,Consumer Defensive,8000,United States,2156199936,7811700224,8726099968,3393799936,600324992,The J.M. Smucker Company,
SW,0,23187570688,170.8077,12.301939,1.029,0.26,Packaging & Containers,Consumer Cyclical,100000,Ireland,13434000384,14362999808,30805999616,13895000064,4368750080,Smurfit WestRock plc,0.3686
SNA,0,17186015232,17.543396,16.375,0.743,18.78,Tools & Accessories,Industrials,13000,United States,1353400064,1300499968,5070900224,2635000064,653512512,Snap-On Incorporated,2.5142
SOLV,0,12733597696,33.688026,13.280272,,2.18,Medical Instruments & Supplies,Healthcare,22000,United States,1370000000,7815000064,8387999744,4602999808,288375008,Solventum Corporation,
SO,0,103687421952,24.355816,21.81875,0.358,3.87,Utilities - Regulated Electric,Utilities,28314,United States,13363999744,70824001536,28362999808,13822999552,-1096749952,Southern Company (The),4.0009
LUV,0,16139027456,48.015625,19.327044,1.251,0.64,Airlines,Industrials,72242,United States,1651000064,5341000192,27471998976,5887000064,-304000000,Southwest Airlines Company,0.4327
SWK,0,11576120320,23.66614,13.622042,1.152,3.16,Tools & Accessories,Industrials,48000,United States,1451900032,7143300096,15161600000,4473900032,833287488,"Stanley Black & Decker, Inc.",
SBUX,0,106741817344,40.651516,25.243279,1.004,2.31,Restaurants,Consumer Cyclical,361000,United States,5576399872,27906600960,36689301504,8709699584,1653387520,Starbucks Corporation,2.7804
STT,0,31575255040,12.505619,11.916489,1.5,8.9,Asset Management,Financial Services,52014,United States,,53579001856,13322999808,13322999808,,State Street Corporation,1.1897
STLD,0,18911424512,18.618841,12.795817,1.391,6.9,Steel,Basic Materials,13000,United States,1804161024,3781018880,17148070912,2151962880,-542465984,"Steel Dynamics, Inc.",
STE,0,24250355712,37.70597,24.696087,0.922,6.53,Medical Devices,Healthcare,17787,United States,1504745984,2068800000,5571115008,2472196096,910075776,STERIS plc (Ireland),1.9759
SYK,0,144129736704,50.0664,27.864006,0.914,7.53,Medical Devices,Healthcare,53000,United States,6387999744,17127999488,23818000384,15470000128,3489499904,Stryker Corporation,2.1422
SMCI,0,27567202304,27.494226,10.893939,1.456,1.68,Computer Hardware,Technology,,United States,1311337984,5084180992,21972041728,2429922048,1301389184,"Super Micro Computer, Inc.",
SYF,0,26750969856,8.736331,11.112829,1.481,8.23,Credit Services,Financial Services,20000,United States,,16008999936,9185000448,9185000448,,Synchrony Financial,
SNPS,0,114736529408,71.765045,41.698048,1.153,8.64,Software - Infrastructure,Technology,20000,United States,1471897984,10742250496,6221316096,5064891904,1938772352,"Synopsys, Inc.",12.9124
SYY,0,39350448128,22.093834,16.75,0.846,3.73,Food Distribution,Consumer Defensive,75000,United States,4479000064,14494000128,81369997312,14968999936,1734875008,Sysco Corporation,1.523
TMUS,0,282120290304,23.649055,23.493908,0.613,10.6,Telecom Services,Communication Services,70000,United States,32068999168,118681001984,84052000768,53520998400,5070750208,"T-Mobile US, Inc.",1.0459
TROW,0,23883020288,12.172452,11.625668,1.49,8.93,Asset Management,Financial Services,8063,United States,2746299904,521600000,7097299968,3638599936,811137472,"T. Rowe Price Group, Inc.",7.0746
TTWO,0,43261906944,,29.913265,0.988,-24.14,Electronic Gaming & Multimedia,Communication Services,12928,United States,600700032,3506899968,5799199744,3450599936,1226212480,"Take-Two Interactive Software, ",4.5094
TPR,0,23643428864,29.957893,23.915964,1.531,3.8,Luxury Goods,Consumer Cyclical,12500,United States,1542200064,4107699968,6878600192,5165000192,575350016,"Tapestry, Inc.",1.4894
TRGP,0,35208855552,23.47432,19.808231,1.129,6.97,Oil & Gas Midstream,Energy,3370,United States,4491400192,16850499584,17078700032,6097299968,-582612480,"Targa Resources, Inc.",1.3838
TGT,0,47442628608,11.474175,9.934824,1.215,9.1,Discount Stores,Consumer Defensive,440000,United States,8961000448,19463000064,105881001984,29721999360,2960250112,Target Corporation,2.5375
TEL,0,60550168576,42.164608,22.794216,1.227,4.86,Electronic Components,Technology,85000,Ireland,3990000128,6056000000,16581000192,5801999872,1495124992,TE Connectivity plc,3.0772
TDY,0,25427632128,29.928253,25.270271,1.072,18.12,Scientific & Technical Instruments,Technology,14900,United States,1430000000,2617400064,5909400064,2526400000,673849984,Teledyne Technologies Incorpora,
TER,0,17973532672,39.232117,26.58553,1.717,2.88,Semiconductor Equipment & Materials,Technology,6500,United States,670176000,74461000,2827659008,1672150016,428476384,"Teradyne, Inc.",2.0246
TSLA,0,1101007421440,204.4012,105.35494,2.331,1.67,Auto Manufacturers,Consumer Cyclical,125665,United States,11345999872,13134000128,92719996928,16206999552,1339624960,"Tesla, Inc.",6.4245
TXN,0,173845184512,35.021976,32.52041,1.022,5.46,Semiconductors,Technology,34000,United States,7509000192,14042999808,16675000320,9676000256,-1568999936,Texas Instruments Incorporated,2.0598
TPL,0,19965388800,43.318703,11.878282,1.145,20.05,Oil & Gas E&P,Energy,111,United States,611910976,646000,742873024,702208000,-19359750,Texas Pacific Land Corporation,
TXT,0,14379361280,18.173424,12.043284,1.167,4.44,Aerospace & Defense,Industrials,34000,United States,1508000000,4087000064,14062000128,2499000064,617249984,Textron Inc.,0.9386
TMO,0,183126704128,28.064814,20.64538,0.748,17.28,Diagnostics & Research,Healthcare,125000,United States,10817999872,35228999680,43212001280,17837000704,5182750208,Thermo Fisher Scientific Inc,1.9458
TJX,0,149236482048,31.401407,29.080437,0.888,4.26,Apparel Retail,Consumer Cyclical,364000,United States,7414000128,13061999616,56991997952,17372999680,2886874880,"TJX Companies, Inc. (The)",3.023
TKO,0,15646667776,78.07172,58.79475,,2.44,Entertainment,Communication Services,,United States,939784000,3059768064,2965944064,2218953984,441073504,"TKO Group Holdings, Inc.",
TSCO,0,31399178240,29.186749,5.323369,0.74,2.03,Specialty Retail,Consumer Cyclical,52000,United States,1945680000,5557355008,15148456960,5515473920,731744896,Tractor Supply Company,2.7645
TT,0,95599124480,33.855793,33.96285,1.093,12.69,Building Products & Equipment,Industrials,45000,Ireland,4073299968,4615000064,20750100480,7523200000,2353625088,Trane Technologies plc,3.2857
TDG,0,80081666048,47.073204,32.684914,1.071,30.19,Aerospace & Defense,Industrials,16600,United States,4365000192,25076000768,8579999744,5127000064,1632249984,Transdigm Group Incorporated,4.0029
TRV,0,60529524736,11.885941,12.652235,0.527,22.62,Insurance - Property & Casualty,Financial Services,34000,United States,7585999872,8033999872,47837999104,12835999744,15664374784,"The Travelers Companies, Inc.",3.8568
TRMB,0,19939422208,71.61539,28.11745,1.698,1.17,Scientific & Technical Instruments,Technology,12100,United States,735100032,1512400000,3575500032,2487699968,358912512,Trimble Inc.,2.8487
TFC,0,56986800128,11.976965,11.188607,0.845,3.69,Banks - Regional,Financial Services,37996,United States,,64172998656,18165999616,18165999616,,Truist Financial Corporation,
TYL,0,24787929088,81.97067,52.906277,0.851,6.99,Software - Application,Technology,7542,United States,446884000,641718016,2245750016,1014544000,519320000,"Tyler Technologies, Inc.",2.9891
TSN,0,20298399744,25.93409,16.301428,0.571,2.2,Farm Products,Consumer Defensive,138000,United States,3422000128,9064999936,54145998848,4207000064,1496125056,"Tyson Foods, Inc.",0.4557
USB,0,71950442496,11.061006,10.67783,1.029,4.18,Banks - Regional,Financial Services,70000,United States,,82776997888,25560000512,25560000512,,U.S. Bancorp,1.6893
UBER,0,188647096320,15.4105625,38.33051,1.426,5.87,Software - Application,Technology,32700,United States,5230000128,12341999616,47331000320,16058999808,5608500224,"Uber Technologies, Inc.",10.0251
UDR,0,14350505984,97.51282,80.914894,0.838,0.39,REIT - Residential,Real Estate,1419,United States,1008489024,5956016128,1714882048,1139778944,851218112,"UDR, Inc.",
ULTA,0,23793301504,20.686987,23.147354,1.121,25.59,Specialty Retail,Consumer Cyclical,20000,United States,1839831040,1975202944,11418173440,4877027840,875767616,"Ulta Beauty, Inc.",2.9141
UNP,0,131657850880,19.28801,18.33237,1.054,11.51,Railroads,Industrials,29929,United States,12366000128,33955999744,24393000960,13633000448,4991499776,Union Pacific Corporation,2.6637
UAL,0,31822856192,9.859579,8.130687,1.485,9.97,Airlines,Industrials,111300,United States,8325000192,32785999872,57985998848,20096000000,2323624960,"United Airlines Holdings, Inc.",6.4541
UPS,0,74314940416,13.04762,9.952327,1.097,6.72,Integrated Freight & Logistics,Industrials,490000,United States,11496999936,28909000704,90312998912,19462000640,4019249920,"United Parcel Service, Inc.",1.4711
URI,0,59165270016,23.82267,19.623453,1.725,38.6,Rental & Leasing Services,Industrials,27900,United States,4512000000,14455000064,15749000192,6223000064,2309625088,"United Rentals, Inc.",1.6514
UNH,0,245473886208,11.733334,9.064883,0.44,23.1,Healthcare Plans,Healthcare,400000,United States,33577000960,79192997888,422817988608,88122998784,27210000384,UnitedHealth Group Incorporated,1.0675
UHS,0,11372872704,9.415701,9.840859,1.239,18.98,Medical Care Facilities,Healthcare,99300,United States,2411603968,5007996928,16460284928,7056722944,742977728,"Universal Health Services, Inc.",
VLO,0,41596301312,53.991932,13.875648,1.002,2.48,Oil & Gas Refining & Marketing,Energy,9898,United States,5052000256,10647000064,117548998656,5967000064,2656250112,Valero Energy Corporation,6.1593
VTR,0,30613168128,156.65117,421.0,0.893,0.43,REIT - Healthcare Facilities,Real Estate,498,United States,2017388032,13273745408,5275330048,2206763008,1139893376,"Ventas, Inc.",
VLTO,0,26950283264,30.335196,28.96,,3.58,Pollution & Treatment Controls,Industrials,17000,United States,1326000000,2862000128,5361999872,3211000064,777124992,Veralto Corp,4.0479
VRSN,0,25003145216,31.904049,30.945087,0.777,8.39,Software - Infrastructure,Technology,929,United States,1120000000,1791600000,1598200064,1404499968,753862528,"VeriSign, Inc.",2.1616
VRSK,0,36855422976,40.89768,36.18519,0.833,6.45,Consulting Services,Industrials,7800,United States,1447299968,3427800064,2986500096,2072300032,846062528,"Verisk Analytics, Inc.",3.313
VZ,0,184147771392,10.156976,9.233615,0.362,4.3,Telecom Services,Communication Services,100000,United States,49917001728,174740996096,137000001536,81493999616,17947250688,Verizon Communications Inc.,2.0914
VRTX,0,100900118528,27.950285,20.966436,0.444,14.08,Biotechnology,Healthcare,6100,United States,4801399808,1527399936,11418800128,6383799808,2914625024,Vertex Pharmaceuticals Incorpor,
VTRS,0,12049265664,,3.8707864,0.897,-2.93,Drug Manufacturers - Specialty & Generic,Healthcare,32000,United States,4112900096,14758299648,14115699712,5767300096,4905175040,Viatris Inc.,
VICI,0,35129958400,12.622031,12.067216,0.709,2.61,REIT - Diversified,Real Estate,27,United States,3636070912,17838170112,3926258944,3888235008,1107510016,VICI Properties Inc.,
V,0,665393102848,33.478516,27.078989,0.94,10.24,Credit Services,Financial Services,,United States,27236999168,25137999872,38892998656,38030000128,18054000640,Visa Inc.,1.9213
VST,0,68638154752,32.569134,29.35942,1.313,6.22,Utilities - Independent Power Producers,Utilities,6850,United States,6673999872,18079000576,18507999232,7400999936,1735374976,Vistra Corp.,6.5772
VMC,0,38682603520,40.606796,32.243942,0.832,7.21,Building Materials,Basic Materials,11971,United States,2181700096,5511699968,7594599936,2092899968,1071025024,Vulcan Materials Company (Holdi,2.6283
WRB,0,26776188928,16.044317,16.228737,0.397,4.4,Insurance - Property & Casualty,Financial Services,8606,United States,2499901952,3090994944,14286153728,6220191744,3641584384,W.R. Berkley Corporation,11.4695
GWW,0,46586171392,24.725819,23.12871,1.173,39.39,Industrial Distribution,Industrials,23500,United States,2950000128,2728999936,17481000960,6861000192,1113874944,"W.W. Grainger, Inc.",2.1716
WAB,0,33275998208,29.008942,22.926973,1.108,6.71,Railroads,Industrials,29500,United States,2212000000,5106999808,10561999872,3545999872,1348875008,Westinghouse Air Brake Technolo,
WBA,0,10282864640,,8.081633,0.768,-7.29,Pharmaceutical Retailers,Healthcare,193000,United States,3028999936,29998999552,154580992000,26473000960,4522250240,"Walgreens Boots Alliance, Inc.",
WMT,0,811688525824,43.465813,37.393383,0.664,2.34,Discount Stores,Consumer Defensive,2100000,United States,42757001216,68693000192,685086015488,170461003776,9960500224,Walmart Inc.,3.955
DIS,0,208559882240,18.181818,22.524271,1.565,6.38,Entertainment,Communication Services,177080,United States,19491000320,42262999040,94535000064,35556999168,7444250112,Walt Disney Company (The),0.8988
WBD,0,30027626496,39.124516,-93.29693,1.576,0.31,Entertainment,Communication Services,35000,United States,7971999744,34631999488,38441000960,17027999744,18288625664,"Warner Bros. Discovery, Inc. - ",
WM,0,92648890368,34.17459,28.5,0.644,6.73,Waste Management,Industrials,61700,United States,7016999936,24020000768,23950000128,9511999488,1450375040,"Waste Management, Inc.",2.9739
WAT,0,17439371264,26.44224,22.658934,1.046,11.08,Diagnostics & Research,Healthcare,7600,United States,1055441984,1595229952,3046055936,1797732992,465317376,Waters Corporation,5.2293
WEC,0,35290996736,21.045105,21.00479,0.406,5.21,Utilities - Regulated Electric,Utilities,7000,United States,3670000128,20562300928,9306699776,4030700032,-1004475008,"WEC Energy Group, Inc.",2.6723
WFC,0,250685194240,13.445875,14.254099,1.196,5.82,Banks - Diversified,Financial Services,212804,United States,,381009985536,77618003968,77618003968,,Wells Fargo & Company,1.8315
WELL,0,108309684224,89.96667,88.97802,0.915,1.8,REIT - Healthcare Facilities,Real Estate,685,United States,3469851904,17306750976,9277824000,3677893888,2066642688,Welltower Inc.,3.5956
WST,0,17395812352,36.269863,32.17021,1.049,6.67,Medical Instruments & Supplies,Healthcare,10600,United States,789500032,308200000,2960199936,1044099968,207850000,"West Pharmaceutical Services, I",3.4654
WDC,0,26615904256,17.105381,8.659477,1.642,4.46,Computer Hardware,Technology,,United States,2600000000,,9520000000,3711000064,2803624960,Western Digital Corporation,0.7862
WY,0,18767222784,68.45,30.245348,1.088,0.38,REIT - Specialty,Real Estate,9440,United States,1028000000,5191000064,7036000256,1214000000,480500000,Weyerhaeuser Company,3.1142
WSM,0,25752090624,24.204624,25.752766,1.473,8.65,Specialty Retail,Consumer Cyclical,19600,United States,1636894976,1368814976,7781305856,3552940032,835529152,"Williams-Sonoma, Inc.",3.2057
WMB,0,69776883712,28.85803,27.339188,0.686,1.98,Oil & Gas Midstream,Energy,5829,United States,6026999808,28572000256,11363000320,6835999744,580875008,"Williams Companies, Inc. (The)",2.5162
WTW,0,32667850752,226.27704,18.512438,0.679,1.48,Insurance Brokers,Financial Services,49000,United Kingdom,2593999872,5935000064,9808000000,4231000064,1335624960,Willis Towers Watson Public Lim,
WDAY,0,58704437248,122.333336,26.530119,1.238,1.8,Software - Application,Technology,20515,United States,967000000,3392999936,8696000512,6578999808,2373750016,"Workday, Inc.",0.9421
WYNN,0,11494136832,32.80267,22.020916,1.407,3.37,Resorts & Casinos,Consumer Cyclical,28000,United States,1704601984,12169550848,6970314240,4762104832,550405504,"Wynn Resorts, Limited",9.4122
XEL,0,43032154112,20.155127,18.99739,0.348,3.61,Utilities - Regulated Electric,Utilities,11380,United States,5497999872,33386999808,13957000192,6209999872,-4188499968,Xcel Energy Inc.,2.8864
XYL,0,34508234752,36.919273,29.846317,1.101,3.84,Specialty Industrial Machinery,Industrials,23000,United States,1782000000,2124000000,8730000384,3300999936,929124992,Xylem Inc.,2.593
YUM,0,39912452096,28.36489,23.65296,0.728,5.07,Restaurants,Consumer Cyclical,40000,United States,2784000000,12314999808,7907999744,3656999936,1348625024,"Yum! Brands, Inc.",1.9503
ZBRA,0,17002127360,31.546227,20.847256,1.752,10.6,Communication Equipment,Technology,9900,United States,980000000,2360000000,5190000128,2521999872,885374976,Zebra Technologies Corporation,1.2744
ZBH,0,20439545856,25.165854,11.997674,0.676,4.1,Medical Devices,Healthcare,17000,United States,2588600064,7721500160,7833800192,5581400064,1293074944,"Zimmer Biomet Holdings, Inc.",1.323
ZTS,0,67290693632,26.133392,23.948738,0.884,5.81,Drug Manufacturers - Specialty & Generic,Healthcare,13800,United States,3945999872,6818999808,9384999936,6706999808,2286249984,Zoetis Inc.,2.4243
YPF,0,13350370304,10.825808,7.140426,0.599,3.1,Oil & Gas Integrated,Energy,,Argentina,2810222080,10552999936,15017930752,3831521792,,YPF Sociedad Anonima,
GGAL,0,8197784064,7.3948865,7.311798,0.727,7.04,Banks - Regional,Financial Services,5578,Argentina,,4654509850624,5662748180480,5519574564864,,Grupo Financiero Galicia S.A.,
BMA,0,4532304384,,7.129447,0.685,-0.74,Banks - Regional,Financial Services,8903,Argentina,,523127226368,2856117338112,2803753287680,,Banco Macro S.A.,
BBAR,0,3394418944,11.7042265,12.311111,0.297,1.42,Banks - Regional,Financial Services,6399,Argentina,,1565690691584,2784762527744,2737369513984,,Banco BBVA Argentina S.A.,
CEPU,0,1863397504,42.75862,13.052631,,0.29,Utilities - Regulated Electric,Utilities,,Argentina,361496313856,439381557248,784778002432,286192893952,-270818770944,Central Puerto S.A.,
LOMA,0,1276665088,32.176468,12.574712,0.966,0.34,Building Materials,Basic Materials,,Argentina,167775043584,200380792832,683243339776,184658427904,-10691885056,Loma Negra Compania Industrial ,
SUPV,0,950604032,30.97143,9.678572,0.69,0.35,Banks - Regional,Financial Services,3442,Argentina,,355531456512,797298982912,797298982912,,Grupo Supervielle S.A.,
TSLL,0,,72.97522,,,,,,,,,,,,,Direxion Daily TSLA Bull 2X Sha,
SOXL,0,,35.68243,,,,,,,,,,,,,Direxion Daily Semiconductor Bu,
SQQQ,0,,,,,,,,,,,,,,,ProShares UltraPro Short QQQ,
SOXS,0,,,,,,,,,,,,,,,Direxion Daily Semiconductor Be,
TQQQ,0,,35.476044,,,,,,,,,,,,,ProShares UltraPro QQQ,
TSLZ,0,,,,,,,,,,,,,,,ETF Opportunities Trust T-Rex 2,
SPY,0,590381645824,27.313564,,,,,,,,,,,,,SPDR S&P 500,
SPXS,0,,,,,,,,,,,,,,,Direxion Daily S&P 500 Bear 3X,
MSTU,0,,,,,,,,,,,,,,,ETF Opportunities Trust T-Rex 2,
HYG,0,15755580416,11.075717,1342.5001,,,,,,,,,,,,iShares iBoxx $ High Yield Corp,
QQQ,0,227907600384,33.943882,,,,,,,,,,,,,"Invesco QQQ Trust, Series 1",
MSTZ,0,,,,,,,,,,,,,,,ETF Opportunities Trust T-Rex 2,
TLT,0,9626723328,,-4387.75,,,,,,,,,,,,iShares 20+ Year Treasury Bond ,
FXI,0,5045960704,11.310511,,,,,,,,,,,,,iShares China Large-Cap ETF,
AMDL,0,,,,,,,,,,,,,,,GraniteShares 2x Long AMD Daily,
XLF,0,46464790528,18.380241,,,,,,,,,,,,,SPDR Select Sector Fund - Finan,
IBIT,0,,,,,,,,,,,,,,,iShares Bitcoin Trust ETF - iSh,
LQD,0,32365713408,33.345936,,,,,,,,,,,,,iShares iBoxx $ Investment Grad,
EWZ,0,5647628288,10.508933,,,,,,,,,,,,,iShares Inc iShares MSCI Brazil,
NVDQ,0,,,,,,,,,,,,,,,ETF Opportunities Trust T-Rex 2,
NVDX,0,,58.418545,,,,,,,,,,,,,ETF Opportunities Trust T-Rex 2,
TSLQ,0,,48.62011,,,,,,,,,,,,,Tradr 2X Short TSLA Daily ETF,
NVDL,0,,,,,,,,,,,,,,,GraniteShares 2x Long NVDA Dail,
SMST,0,,,,,,,,,,,,,,,Defiance Daily Target 2x Short ,
KWEB,0,,17.354177,,,,,,,,,,,,,KraneShares Trust KraneShares C,
